timestamp,symbol,price,volume,bid,ask,high_24h,low_24h,change_24h
2025-10-08 22:53:03.408367,KRW-BTC,49979845.85908317,883.7270233013122,49929866.01322409,50029825.70494225,50979442.77626483,48980248.941901505,0.04954045149331818
2025-10-08 22:53:03.408367,KRW-ETH,49991328.38354278,601.0621558324616,49941337.05515924,50041319.71192632,50991154.95121364,48991501.815871924,0.006881173941792704
2025-10-08 22:53:03.408367,KRW-XRP,49971270.48338312,800.4839791122563,49921299.21289974,50021241.75386649,50970695.89305078,48971845.073715456,-0.02628444422209313
2025-10-08 22:53:04.415900,KRW-BTC,50055658.29795388,934.0047146113744,50005602.639655925,50105713.95625183,51056771.46391296,49054545.131994806,0.027678074156585172
2025-10-08 22:53:04.415900,KRW-ETH,50017425.41152955,228.32618793147316,49967407.98611802,50067442.83694107,51017773.91976014,49017076.90329896,-0.03895657034358563
2025-10-08 22:53:04.415900,KRW-XRP,50029247.98451683,519.9121241937253,49979218.736532316,50079277.23250134,51029832.94420717,49028663.02482649,-0.0006874416932269867
2025-10-08 22:53:05.470542,KRW-BTC,50040657.2402096,995.9228547667562,49990616.58296939,50090697.89744981,51041470.3850138,49039844.09540541,0.013434277763936534
2025-10-08 22:53:05.470542,KRW-ETH,49936609.76360893,958.0531408287542,49886673.153845325,49986546.37337253,50935341.95888111,48937877.568336755,0.04369901459498869
2025-10-08 22:53:05.470542,KRW-XRP,50003523.98992485,962.5517183113318,49953520.465934925,50053527.513914764,51003594.469723344,49003453.51012635,-0.027960006406951756
2025-10-08 22:53:06.472088,KRW-BTC,50028698.94868337,363.3356132896244,49978670.24973469,50078727.647632055,51029272.927657045,49028124.9697097,0.0034729065506945295
2025-10-08 22:53:06.472088,KRW-ETH,49846981.60203144,295.1829943891584,49797134.62042941,49896828.58363347,50843921.23407207,48850041.96999081,-0.04129383969913197
2025-10-08 22:53:06.472088,KRW-XRP,50025572.81618461,847.6047947431726,49975547.243368424,50075598.38900079,51026084.2725083,49025061.35986092,0.023927185000639492
2025-10-08 22:53:07.478873,KRW-BTC,50059897.27838292,331.2620884803955,50009837.38110454,50109957.175661296,51061095.22395058,49058699.33281526,-0.005701206363341385
2025-10-08 22:53:07.478873,KRW-ETH,49837008.98833643,123.74481916541188,49787171.97934809,49886845.99732476,50833749.16810316,48840268.8085697,-0.04497497240991826
2025-10-08 22:53:07.478873,KRW-XRP,50031485.65245821,793.9942657812782,49981454.16680575,50081517.13811067,51032115.36550738,49030855.93940905,0.03552610684122906
2025-10-08 22:53:08.517050,KRW-BTC,50076833.37838441,649.9225685942439,50026756.54500603,50126910.21176279,51078370.045952104,49075296.71081672,-0.02383793777622909
2025-10-08 22:53:08.517050,KRW-ETH,49804907.75982174,718.5727828422108,49755102.85206192,49854712.66758156,50801005.91501818,48808809.60462531,-0.023319281848023912
2025-10-08 22:53:08.517050,KRW-XRP,50106612.48605275,375.42303325938747,50056505.8735667,50156719.0985388,51108744.73577381,49104480.236331694,0.04342632492528088
2025-10-08 22:53:09.571424,KRW-BTC,50109299.33767614,181.79689145154538,50059190.03833846,50159408.63701381,51111485.32442966,49107113.350922614,0.031436725731901496
2025-10-08 22:53:09.571424,KRW-ETH,49825549.552097164,655.338819832211,49775724.002545066,49875375.101649255,50822060.54313911,48829038.56105522,-0.04677383729396102
2025-10-08 22:53:09.571424,KRW-XRP,50079340.685394034,557.8318011398887,50029261.34470864,50129420.026079424,51080927.499101914,49077753.87168615,0.001672542233015606
2025-10-08 22:53:10.620518,KRW-BTC,50107572.234923735,571.2051974941678,50057464.662688814,50157679.80715866,51109723.67962221,49105420.79022526,-0.03383868720113706
2025-10-08 22:53:10.620518,KRW-ETH,49885349.759277314,739.6520875713683,49835464.40951803,49935235.10903659,50883056.75446286,48887642.76409177,0.02438588371008936
2025-10-08 22:53:10.620518,KRW-XRP,50164541.095536955,124.2153335918523,50114376.554441415,50214705.63663249,51167831.91744769,49161250.273626216,-0.027170358610207203
2025-10-08 22:53:11.662867,KRW-BTC,50116594.92107068,380.83190798863905,50066478.32614961,50166711.51599175,51118926.819492094,49114263.022649266,-0.023877011665763614
2025-10-08 22:53:11.662867,KRW-ETH,49860351.8858544,838.8972838688506,49810491.533968545,49910212.23774025,50857558.92357149,48863144.84813731,-0.031665979086587116
2025-10-08 22:53:11.662867,KRW-XRP,50122944.118415184,785.5693459192327,50072821.17429677,50173067.062533595,51125403.00078349,49120485.23604688,0.04983975289130045
2025-10-08 22:53:12.664953,KRW-BTC,50146433.61233676,380.49774303990347,50096287.17872442,50196580.045949094,51149362.2845835,49143504.94009002,-0.015143459169397903
2025-10-08 22:53:12.664953,KRW-ETH,49755717.08686046,687.1561019912217,49705961.369773604,49805472.803947315,50750831.428597674,48760602.74512325,0.03450032775855531
2025-10-08 22:53:12.664953,KRW-XRP,50160627.4438337,470.0468969891893,50110466.816389866,50210788.07127753,51163839.992710374,49157414.89495703,0.04969043533817678
2025-10-08 22:53:13.730940,KRW-BTC,50167496.51183304,600.4282954005672,50117329.01532121,50217664.00834487,51170846.4420697,49164146.58159638,-0.0026861730370408704
2025-10-08 22:53:13.730940,KRW-ETH,49768941.1164705,369.36138976238624,49719172.17535403,49818710.05758697,50764319.93879991,48773562.29414109,0.012094694858863685
2025-10-08 22:53:13.730940,KRW-XRP,50112521.07564241,528.0704899161772,50062408.55456676,50162633.59671804,51114771.49715526,49110270.65412956,-0.029504909532623136
2025-10-08 22:53:14.737939,KRW-BTC,50176672.682632916,583.9715400524435,50126496.00995028,50226849.35531554,51180206.13628557,49173139.22898026,-0.04379944614284085
2025-10-08 22:53:14.737939,KRW-ETH,49849130.17175073,657.9452482271133,49799281.04157898,49898979.30192248,50846112.77518575,48852147.568315715,0.04852579038176748
2025-10-08 22:53:14.737939,KRW-XRP,50072599.52771376,485.772033401927,50022526.928186044,50122672.12724147,51074051.518268034,49071147.53715949,-0.046129390819024264
2025-10-08 22:53:15.739313,KRW-BTC,50259338.812308855,164.31826112306138,50209079.47349655,50309598.15112116,51264525.58855503,49254152.03606268,-0.042571948890987824
2025-10-08 22:53:15.739313,KRW-ETH,49832098.80545956,842.3321026813014,49782266.7066541,49881930.90426502,50828740.78156875,48835456.82935037,-0.037402576350121675
2025-10-08 22:53:15.739313,KRW-XRP,50102253.477390416,652.8115535689418,50052151.22391303,50152355.7308678,51104298.546938226,49100208.40784261,0.030070716777427134
2025-10-08 22:53:16.746830,KRW-BTC,50218079.234559335,484.18414921696234,50167861.15532477,50268297.31379389,51222440.819250524,49213717.649868146,-0.03313117159439449
2025-10-08 22:53:16.746830,KRW-ETH,49772840.7445149,170.40395371690425,49723067.90377038,49822613.58525941,50768297.55940519,48777383.9296246,0.0058306193010333116
2025-10-08 22:53:16.746830,KRW-XRP,50131487.576708406,978.711569217773,50081356.0891317,50181619.06428511,51134117.32824258,49128857.825174235,0.041203794709938804
2025-10-08 22:53:17.962982,KRW-BTC,50274919.50288732,835.394958943275,50224644.58338444,50325194.42239021,51280417.89294507,49269421.11282957,-0.04975329147543387
2025-10-08 22:53:17.962982,KRW-ETH,49842051.983381316,674.2852143189804,49792209.93139794,49891894.035364695,50838893.023048945,48845210.94371369,-0.030987419796769868
2025-10-08 22:53:17.962982,KRW-XRP,50135975.26617108,784.4692308395471,50085839.29090491,50186111.24143725,51138694.77149451,49133255.76084766,-0.038157180485825885
2025-10-08 22:53:19.002535,KRW-BTC,50318605.56480073,655.5405240887561,50268286.95923593,50368924.17036553,51324977.676096745,49312233.45350472,-0.028609954901086365
2025-10-08 22:53:19.002535,KRW-ETH,49748421.413420096,317.44232366424967,49698672.992006674,49798169.83483351,50743389.8416885,48753452.98515169,-0.011815299712521599
2025-10-08 22:53:19.002535,KRW-XRP,50139364.259676225,978.6098837320997,50089224.89541655,50189503.62393589,51142151.54486975,49136576.9744827,-0.045646018968138996
2025-10-08 22:53:20.101978,KRW-BTC,50327236.60561852,883.7309336948242,50276909.3690129,50377563.842224136,51333781.33773089,49320691.87350615,0.011119915260832627
2025-10-08 22:53:20.101978,KRW-ETH,49743352.152992286,516.8735972942948,49693608.80083929,49793095.505145274,50738219.196052134,48748485.10993244,0.015501592945293796
2025-10-08 22:53:20.101978,KRW-XRP,50144799.62913159,664.0922177308408,50094654.82950246,50194944.42876072,51147695.62171423,49141903.63654896,-0.002949947276096432
2025-10-08 22:53:21.110956,KRW-BTC,50327494.54446669,647.8007335426203,50277167.04992222,50377822.03901115,51334044.43535602,49320944.65357736,-0.006031202732734976
2025-10-08 22:53:21.110956,KRW-ETH,49785927.93281478,788.3754449524201,49736142.00488196,49835713.86074758,50781646.491471075,48790209.37415848,0.03311663592564046
2025-10-08 22:53:21.110956,KRW-XRP,50125782.53133283,630.9140550211579,50075656.74880149,50175908.31386416,51128298.18195949,49123266.88070617,0.010961917263000442
2025-10-08 22:53:22.175300,KRW-BTC,50322114.19691326,765.6564225995115,50271792.082716346,50372436.31111016,51328556.48085152,49315671.91297499,-0.013100381395845108
2025-10-08 22:53:22.175300,KRW-ETH,49784764.97870854,294.1116571589506,49734980.213729836,49834549.74368724,50780460.27828272,48789069.67913437,0.006021028895142576
2025-10-08 22:53:22.175300,KRW-XRP,50057082.33796372,805.491150329044,50007025.25562576,50107139.42030168,51058223.984722994,49055940.69120445,-0.0030677922718537545
2025-10-08 22:53:23.214806,KRW-BTC,50253064.9733513,842.2888730683874,50202811.908377945,50303318.03832465,51258126.27281833,49248003.67388427,-0.001508176296554621
2025-10-08 22:53:23.214806,KRW-ETH,49863711.10355948,330.87849970049064,49813847.39245592,49913574.81466303,50860985.32563067,48866436.881488286,0.005023377165200724
2025-10-08 22:53:23.214806,KRW-XRP,49976469.07446691,896.1716282669195,49926492.60539244,50026445.543541364,50975998.45595624,48976939.69297757,0.02314405968002925
2025-10-08 22:53:24.216126,KRW-BTC,50246622.66219904,662.0748604607152,50196376.03953684,50296869.28486124,51251555.11544302,49241690.208955064,-0.024731545339725092
2025-10-08 22:53:24.216126,KRW-ETH,49831267.73547626,785.9589086321539,49781436.46774079,49881099.00321174,50827893.09018579,48834642.380766734,0.011544499150232368
2025-10-08 22:53:24.216126,KRW-XRP,49970591.37659982,693.1374723669692,49920620.785223216,50020561.96797641,50970003.20413182,48971179.54906782,0.027302317070363402
2025-10-08 22:53:25.222256,KRW-BTC,50251586.85175789,222.11633744039068,50201335.26490613,50301838.438609645,51256618.58879305,49246555.114722736,0.01471976628148236
2025-10-08 22:53:25.222256,KRW-ETH,49871459.381554365,324.42460741522837,49821587.92217281,49921330.840935916,50868888.56918545,48874030.19392328,-0.04040494307929309
2025-10-08 22:53:25.222256,KRW-XRP,49969882.724639006,113.43641438934263,49919912.84191436,50019852.60736364,50969280.37913179,48970485.070146225,-0.0388216680993218
2025-10-08 22:53:26.272863,KRW-BTC,50231332.49995237,723.2771596704466,50181101.16745242,50281563.83245231,51235959.14995141,49226705.84995332,0.0009145194004478233
2025-10-08 22:53:26.272863,KRW-ETH,49843781.1175903,914.4714674760875,49793937.33647271,49893624.89870789,50840656.73994211,48846905.49523849,-0.0024272541204185677
2025-10-08 22:53:26.272863,KRW-XRP,50038262.8185339,983.9610216948931,49988224.55571536,50088301.08135243,51039028.074904576,49037497.56216322,-0.0430542936702121
2025-10-08 22:53:27.349995,KRW-BTC,50283243.21942298,680.634197315776,50232959.97620356,50333526.4626424,51288908.08381144,49277578.35503452,-0.038293528235240376
2025-10-08 22:53:27.349995,KRW-ETH,49846897.6265859,555.8825149204656,49797050.728959315,49896744.52421248,50843835.57911762,48849959.67405418,-0.037110232412408156
2025-10-08 22:53:27.349995,KRW-XRP,50080956.26977268,990.3400830831735,50030875.31350291,50131037.22604245,51082575.39516813,49079337.144377224,-0.013497224218108485
2025-10-08 22:53:28.363993,KRW-BTC,50362931.299248524,810.3490537575806,50312568.36794928,50413294.23054776,51370189.9252335,49355672.67326355,-0.024409224747465097
2025-10-08 22:53:28.363993,KRW-ETH,49860049.45808982,471.3434884774477,49810189.408631735,49909909.50754791,50857250.44725162,48862848.468928024,-0.015453180479724972
2025-10-08 22:53:28.363993,KRW-XRP,50095119.071077846,429.70907226220584,50045023.952006765,50145214.19014892,51097021.452499405,49093216.68965629,-0.00917438881279177
2025-10-08 22:53:29.364702,KRW-BTC,50380086.09603616,935.4641628482146,50329706.009940125,50430466.18213219,51387687.81795688,49372484.37411544,-4.03004262540807e-05
2025-10-08 22:53:29.364702,KRW-ETH,49919657.18718436,127.07609793736614,49869737.52999718,49969576.84437154,50918050.33092805,48921264.04344068,-0.037642159343397055
2025-10-08 22:53:29.364702,KRW-XRP,50067506.73287284,603.1928585397707,50017439.22613996,50117574.2396057,51068856.867530294,49066156.59821538,0.01795206839037697
2025-10-08 22:53:30.366977,KRW-BTC,50455212.353748806,616.7864016580235,50404757.141395055,50505667.56610255,51464316.60082378,49446108.10667383,-0.02956997285529102
2025-10-08 22:53:30.366977,KRW-ETH,49887410.65321201,393.46462272735016,49837523.2425588,49937298.063865215,50885158.86627625,48889662.44014777,0.011369830884543644
2025-10-08 22:53:30.366977,KRW-XRP,50096856.51319473,119.08628142451063,50046759.65668154,50146953.36970792,51098793.64345863,49094919.38293084,0.02927861454800719
2025-10-08 22:53:31.370508,KRW-BTC,50436455.4255179,456.72793884430604,50386018.970092386,50486891.88094342,51445184.53402826,49427726.31700754,0.03437952581161313
2025-10-08 22:53:31.370508,KRW-ETH,49851255.2060595,142.85897314944012,49801403.950853445,49901106.46126556,50848280.310180694,48854230.10193831,0.006508766185971737
2025-10-08 22:53:31.370508,KRW-XRP,50162883.62393231,226.49255251082815,50112720.740308374,50213046.50755624,51166141.296410955,49159625.95145366,0.04604145920484326
2025-10-08 22:53:32.371911,KRW-BTC,50421583.03262454,675.7070305063511,50371161.44959192,50472004.61565716,51430014.69327703,49413151.371972054,-0.015374976838181419
2025-10-08 22:53:32.371911,KRW-ETH,49871526.32329896,628.0781285996281,49821654.796975665,49921397.84962226,50868956.84976494,48874095.79683298,0.0030440222334700354
2025-10-08 22:53:32.371911,KRW-XRP,50107738.227990605,817.7893546004345,50057630.48976261,50157845.96621859,51109892.99255042,49105583.46343079,0.006228365710405637
2025-10-08 22:53:33.377530,KRW-BTC,50377424.37022459,443.8597681679912,50327046.945854366,50427801.79459481,51384972.85762908,49369875.88282009,0.027413721773272393
2025-10-08 22:53:33.377530,KRW-ETH,49904922.39012096,941.7679527344447,49855017.46773084,49954827.31251108,50903020.83792338,48906823.942318544,0.019475055543545533
2025-10-08 22:53:33.377530,KRW-XRP,50063300.7643216,154.93198516663492,50013237.46355728,50113364.06508592,51064566.77960803,49062034.74903517,0.043863769293253724
2025-10-08 22:53:34.437409,KRW-BTC,50385322.51053423,123.55559242043674,50334937.188023694,50435707.83304475,51393028.96074491,49377616.060323544,-0.014953644854970097
2025-10-08 22:53:34.437409,KRW-ETH,50025771.7727489,661.722396469722,49975746.00097615,50075797.544521645,51026287.20820388,49025256.33729392,0.002124650921611161
2025-10-08 22:53:34.437409,KRW-XRP,50101497.21553763,913.1130195822528,50051395.71832209,50151598.71275316,51103527.159848385,49099467.271226875,-0.004778556512476183
2025-10-08 22:53:35.449539,KRW-BTC,50403969.607665434,327.2869406097111,50353565.63805777,50454373.57727309,51412048.99981874,49395890.21551213,-0.018639127381849196
2025-10-08 22:53:35.449539,KRW-ETH,50003032.48706685,828.3761195727607,49953029.454579785,50053035.519553915,51003093.13680819,49002971.83732551,0.04005472666467223
2025-10-08 22:53:35.449539,KRW-XRP,50145092.100801535,802.9258158691559,50094947.008700736,50195237.192902334,51147993.94281757,49142190.2587855,0.03303490271849391
2025-10-08 22:53:36.816597,KRW-BTC,50353901.78131221,599.6058315316109,50303547.8795309,50404255.68309352,51360979.81693846,49346823.745685965,-0.04058346639860743
2025-10-08 22:53:36.816597,KRW-ETH,50048675.5126418,771.6658443249366,49998626.83712916,50098724.18815444,51049649.022894636,49047702.00238897,-0.03201066204925311
2025-10-08 22:53:36.816597,KRW-XRP,50161313.295313954,150.6422094179608,50111151.98201864,50211474.60860926,51164539.561220236,49158087.02940767,0.011646139705236772
2025-10-08 22:53:37.950414,KRW-BTC,50332255.71651794,424.77225707047035,50281923.46080142,50382587.97223445,51338900.8308483,49325610.60218758,-0.022600796329153097
2025-10-08 22:53:37.950414,KRW-ETH,50026774.27870474,746.3246400778573,49976747.50442603,50076801.05298344,51027309.76427884,49026238.79313064,-0.04563285545587645
2025-10-08 22:53:37.950414,KRW-XRP,50216226.90987429,513.2511174143399,50166010.682964414,50266443.13678416,51220551.44807178,49211902.3716768,0.02383784465765923
2025-10-08 22:53:38.960796,KRW-BTC,50336058.3034299,170.29324166434822,50285722.24512647,50386394.361733325,51342779.4694985,49329337.1373613,-0.03450765032887585
2025-10-08 22:53:38.960796,KRW-ETH,49974231.555835254,746.524540510408,49924257.32427942,50024205.78739108,50973716.18695196,48974746.92471855,-0.013567902808014676
2025-10-08 22:53:38.960796,KRW-XRP,50244565.836600855,460.33620120629115,50194321.270764254,50294810.40243745,51249457.153332874,49239674.519868836,-0.049781230299193194
2025-10-08 22:53:39.961311,KRW-BTC,50431237.27190854,603.5774682147983,50380806.03463663,50481668.50918044,51439862.01734671,49422612.52647036,-0.03177098910216589
2025-10-08 22:53:39.961311,KRW-ETH,50034988.97662776,344.59447892831145,49984953.98765113,50085023.96560438,51035688.75616032,49034289.1970952,0.01826620543177461
2025-10-08 22:53:39.961311,KRW-XRP,50194258.53207841,614.4159581010056,50144064.27354633,50244452.79061048,51198143.70271998,49190373.36143684,0.0014401608411232086
2025-10-08 22:53:40.962304,KRW-BTC,50487027.49797293,967.762303876432,50436540.47047496,50537514.5254709,51496768.04793239,49477286.94801347,-0.04501432393984797
2025-10-08 22:53:40.962304,KRW-ETH,49890112.13807874,944.1382219436393,49840222.025940664,49940002.25021681,50887914.38084032,48892309.89531717,0.04226043230935238
2025-10-08 22:53:40.962304,KRW-XRP,50249854.75061232,449.9173529433153,50199604.89586171,50300104.60536292,51254851.845624566,49244857.65560007,0.021981841411245387
2025-10-08 22:53:41.966049,KRW-BTC,50444234.345790885,876.6021879958641,50393790.11144509,50494678.58013667,51453119.03270671,49435349.65887506,0.02903369087409663
2025-10-08 22:53:41.966049,KRW-ETH,49915971.47363484,689.1276166768916,49866055.502161205,49965887.445108466,50914290.90310754,48917652.04416214,-0.026583519259344282
2025-10-08 22:53:41.966049,KRW-XRP,50333312.08618667,836.6551408330681,50282978.77410048,50383645.39827285,51339978.3279104,49326645.84446294,-4.1024159428068585e-05
2025-10-08 22:53:42.967055,KRW-BTC,50446977.94066729,275.24472068700754,50396530.96272662,50497424.91860795,51455917.499480635,49438038.38185394,0.020374940982063744
2025-10-08 22:53:42.967055,KRW-ETH,49918905.75680558,256.61400204654035,49868986.85104877,49968824.66256238,50917283.871941686,48920527.64166947,0.038838578941506274
2025-10-08 22:53:42.967055,KRW-XRP,50351090.87132928,408.55118886287875,50300739.78045795,50401441.962200604,51358112.68875586,49344069.05390269,-0.03705958463225161
2025-10-08 22:53:43.971406,KRW-BTC,50472672.35825715,760.8277186410805,50422199.68589889,50523145.030615404,51482125.8054223,49463218.911092006,-0.007373931614546192
2025-10-08 22:53:43.971406,KRW-ETH,49950977.36610671,146.82873092351264,49901026.38874061,50000928.343472816,50949996.91342884,48951957.81878458,-0.03997877946569076
2025-10-08 22:53:43.971406,KRW-XRP,50339559.59235963,558.5680808463787,50289220.03276727,50389899.15195198,51346350.78420682,49332768.40051244,-0.0287885510411557
2025-10-08 22:53:45.004949,KRW-BTC,50427965.855927385,655.138462636092,50377537.89007146,50478393.821783304,51436525.17304593,49419406.53880884,0.0029341248057820693
2025-10-08 22:53:45.004949,KRW-ETH,50001176.61788636,319.72157439196087,49951175.441268474,50051177.79450424,51001200.15024409,49001153.08552863,0.04611362271028234
2025-10-08 22:53:45.004949,KRW-XRP,50335519.457504235,983.6124410706582,50285183.93804673,50385854.97696173,51342229.84665432,49328809.06835415,-0.004445553370221941
2025-10-08 22:53:46.043740,KRW-BTC,50419408.54182023,656.612556657691,50368989.13327841,50469827.95036204,51427796.71265663,49411020.370983824,-0.036263557301617656
2025-10-08 22:53:46.043740,KRW-ETH,50023478.65058465,354.480124380834,49973455.17193407,50073502.12923523,51023948.22359635,49023009.07757296,0.0469597831089619
2025-10-08 22:53:46.043740,KRW-XRP,50357143.4991563,984.703724288283,50306786.355657145,50407500.642655455,51364286.36913943,49350000.629173175,-0.04983427370225191
2025-10-08 22:53:47.113735,KRW-BTC,50457271.6165833,778.0070070927576,50406814.34496672,50507728.88819988,51466417.04891497,49448126.184251636,0.024396066553817847
2025-10-08 22:53:47.113735,KRW-ETH,49979944.84474433,108.12407029936409,49929964.89989959,50029924.78958907,50979543.74163922,48980345.947849445,0.02687473552377581
2025-10-08 22:53:47.113735,KRW-XRP,50251881.36133164,338.07946393590794,50201629.47997031,50302133.24269297,51256918.98855828,49246843.734105006,0.01424402858476606
2025-10-08 22:53:48.206787,KRW-BTC,50483884.519630685,566.4680333132492,50433400.635111056,50534368.40415031,51493562.2100233,49474206.82923807,0.03980229171201413
2025-10-08 22:53:48.206787,KRW-ETH,49967468.06821286,254.77218502594403,49917500.60014465,50017435.536281064,50966817.42957712,48968118.7068486,0.03766743983899333
2025-10-08 22:53:48.206787,KRW-XRP,50261618.50563787,957.4198234323874,50211356.887132235,50311880.1241435,51266850.87575063,49256386.13552511,-0.011784423418138679
2025-10-08 22:53:49.207532,KRW-BTC,50462670.676168606,687.751618273589,50412208.005492434,50513133.34684477,51471924.08969198,49453417.26264523,0.017216572925222606
2025-10-08 22:53:49.207532,KRW-ETH,49975395.84459274,709.8683052642191,49925420.44874815,50025371.24043733,50974903.7614846,48975887.927700885,0.030052573518993694
2025-10-08 22:53:49.207532,KRW-XRP,50322574.16083688,957.3952678784673,50272251.586676046,50372896.73499771,51329025.64405362,49316122.67762014,-0.02492107316683384
2025-10-08 22:53:50.208097,KRW-BTC,50470955.029709175,840.839786152969,50420484.074679464,50521425.98473888,51480374.13030336,49461535.92911499,0.0014901975477953772
2025-10-08 22:53:50.208097,KRW-ETH,49952337.51828522,793.4578982725753,49902385.18076694,50002289.855803505,50951384.26865093,48953290.76791952,0.03298632189163571
2025-10-08 22:53:50.208097,KRW-XRP,50258152.89281462,498.53692718611654,50207894.73992181,50308411.04570743,51263315.95067091,49252989.83495833,-0.0039308810696173785
2025-10-08 22:53:51.209274,KRW-BTC,50509233.829531044,830.6942052792181,50458724.595701516,50559743.06336057,51519418.506121665,49499049.15294042,0.046881089719359614
2025-10-08 22:53:51.209274,KRW-ETH,49859840.88492379,605.2691310702965,49809981.04403887,49909700.72580871,50857037.70262227,48862644.067225315,0.028331498562447946
2025-10-08 22:53:51.209274,KRW-XRP,50197485.55559055,310.9345768574718,50147288.07003496,50247683.04114613,51201435.26670236,49193535.844478734,-0.007719813971968789
2025-10-08 22:53:52.210674,KRW-BTC,50480121.332950406,880.9405409857106,50429641.211617455,50530601.45428335,51489723.759609416,49470518.906291395,-0.029962112868948777
2025-10-08 22:53:52.210674,KRW-ETH,49782387.96122269,435.99186203009214,49732605.57326147,49832170.34918391,50778035.720447145,48786740.20199824,0.010363872750685565
2025-10-08 22:53:52.210674,KRW-XRP,50067013.00071804,753.6044602799379,50016945.98771732,50117080.013718754,51068353.260732405,49065672.74070368,0.0037662304828933388
2025-10-08 22:53:53.216858,KRW-BTC,50487135.82566077,293.91500459266,50436648.68983511,50537622.96148643,51496878.54217399,49477393.109147556,-0.006597606797359455
2025-10-08 22:53:53.216858,KRW-ETH,49639355.88990761,882.3080608521934,49589716.534017704,49688995.245797515,50632143.00770576,48646568.772109464,0.03896120794138852
2025-10-08 22:53:53.216858,KRW-XRP,50026107.28386895,570.155759966505,49976081.176585086,50076133.391152814,51026629.429546334,49025585.13819157,0.03859927268991939
2025-10-08 22:53:54.217585,KRW-BTC,50444235.84415893,398.3584959935096,50393791.608314775,50494680.08000308,51453120.561042115,49435351.12727575,-0.0036187516728293234
2025-10-08 22:53:54.217585,KRW-ETH,49745037.34303815,132.48310118636675,49695292.30569511,49794782.38038118,50739938.089898914,48750136.596177384,0.02716174841969879
2025-10-08 22:53:54.217585,KRW-XRP,50008534.69574759,460.9056360190063,49958526.16105185,50058543.230443336,51008705.38966254,49008364.00183264,0.0054921204323349
2025-10-08 22:53:55.219529,KRW-BTC,50404309.6627792,385.73501704780745,50353905.353116415,50454713.97244197,51412395.856034786,49396223.46952361,0.0172460906004354
2025-10-08 22:53:55.219529,KRW-ETH,49733752.84684542,258.55791190817285,49684019.09399857,49783486.599692255,50728427.90378233,48739077.789908506,-0.02237818640468081
2025-10-08 22:53:55.219529,KRW-XRP,50137646.28992027,470.2306437146308,50087508.64363035,50187783.936210185,51140399.21571868,49134893.36412186,-0.02427082129891102
2025-10-08 22:53:56.220722,KRW-BTC,50413159.93986483,484.15384524002565,50362746.77992497,50463573.09980469,51421423.13866213,49404896.74106753,-0.020130340941073722
2025-10-08 22:53:56.220722,KRW-ETH,49708314.876464315,880.0970565108684,49658606.56158785,49758023.191340774,50702481.1739936,48714148.57893503,-0.0076416572023230295
2025-10-08 22:53:56.220722,KRW-XRP,50175178.76822424,824.6135601078672,50125003.589456014,50225353.94699246,51178682.343588725,49171675.192859754,0.046162519358782336
2025-10-08 22:53:57.225927,KRW-BTC,50482644.85166894,620.2823644330184,50432162.20681727,50533127.4965206,51492297.74870232,49472991.95463556,0.026488967150758075
2025-10-08 22:53:57.225927,KRW-ETH,49756968.81338415,238.52426041363307,49707211.84457077,49806725.782197535,50752108.18965184,48761829.43711647,0.029349705476008972
2025-10-08 22:53:57.225927,KRW-XRP,50215082.83339252,435.5921349708353,50164867.75055913,50265297.91622591,51219384.490060374,49210781.17672467,0.03650335534575287
2025-10-08 22:53:58.227272,KRW-BTC,50519920.51101758,440.4040010680349,50469400.59050657,50570440.4315286,51530318.92123794,49509522.10079723,-0.04267659917124566
2025-10-08 22:53:58.227272,KRW-ETH,49744039.373331316,274.3206031588942,49694295.333957985,49793783.41270464,50738920.160797946,48749158.585864685,0.023313344295287364
2025-10-08 22:53:58.227272,KRW-XRP,50221543.23484053,671.3798996580701,50171321.69160569,50271764.77807536,51225974.099537335,49217112.37014372,-0.007751480436202565
2025-10-08 22:53:59.237996,KRW-BTC,50570324.06107953,545.6163335376925,50519753.73701845,50620894.385140605,51581730.542301126,49558917.57985794,0.024411620624337688
2025-10-08 22:53:59.237996,KRW-ETH,49694738.2545613,963.452574146332,49645043.516306736,49744432.99281585,50688633.01965252,48700843.48947007,-0.03695715712599319
2025-10-08 22:53:59.237996,KRW-XRP,50225503.30267857,491.33136835110537,50175277.79937589,50275728.80598124,51230013.36873214,49220993.236625,0.020108447239331334
2025-10-08 22:54:00.286555,KRW-BTC,50630306.38585462,780.5388589860595,50579676.079468764,50680936.69224047,51642912.51357171,49617700.258137524,0.0243945350092747
2025-10-08 22:54:00.286555,KRW-ETH,49721701.95125812,147.0262127621702,49671980.249306865,49771423.65320937,50716135.99028329,48727267.91223296,0.027604277551091724
2025-10-08 22:54:00.286555,KRW-XRP,50159034.64400789,470.51057338111065,50108875.609363884,50209193.67865189,51162215.33688805,49155853.95112773,0.036419489178612804
2025-10-08 22:54:01.287569,KRW-BTC,50598869.60841807,787.8565695252182,50548270.73880965,50649468.47802648,51610847.000586435,49586892.216249704,-0.013193044111615461
2025-10-08 22:54:01.287569,KRW-ETH,49765692.82675492,728.636365059479,49715927.133928165,49815458.51958167,50761006.68329002,48770378.97021982,-0.03935525358243935
2025-10-08 22:54:01.287569,KRW-XRP,50162131.25282693,413.1668701439096,50111969.121574104,50212293.38407975,51165373.87788347,49158888.62777039,0.004700638104043545
2025-10-08 22:54:02.288204,KRW-BTC,50637994.355861284,416.2994757712433,50587356.36150542,50688632.35021714,51650754.24297851,49625234.468744054,-0.036795224967961816
2025-10-08 22:54:02.288204,KRW-ETH,49727923.14035231,496.29957667714007,49678195.217211954,49777651.063492656,50722481.60315935,48733364.677545264,-0.041108143860802505
2025-10-08 22:54:02.288204,KRW-XRP,50150575.65304472,838.4549631428218,50100425.07739168,50200726.22869776,51153587.16610562,49147564.139983825,-0.029079274623104057
2025-10-08 22:54:03.288980,KRW-BTC,50684045.96009584,449.87130127874946,50633361.91413574,50734730.00605593,51697726.879297756,49670365.04089392,-0.017623566678317937
2025-10-08 22:54:03.288980,KRW-ETH,49798627.02466418,770.6831926108795,49748828.39763951,49848425.65168884,50794599.565157466,48802654.48417089,0.014849422825669797
2025-10-08 22:54:03.288980,KRW-XRP,50111640.499509774,312.4311706884235,50061528.859010264,50161752.14000928,51113873.30949997,49109407.68951958,0.04399617685066547
2025-10-08 22:54:04.291087,KRW-BTC,50663552.30121521,123.92117634521087,50612888.748913996,50714215.85351642,51676823.34723952,49650281.2551909,-0.01819512398253749
2025-10-08 22:54:04.291087,KRW-ETH,49696937.95590276,644.2939658892999,49647241.01794686,49746634.89385866,50690876.71502082,48702999.196784705,-0.03435198000683696
2025-10-08 22:54:04.291087,KRW-XRP,50147370.88101254,754.0524294510313,50097223.51013152,50197518.25189354,51150318.298632786,49144423.46339229,-0.021322745586250937
2025-10-08 22:54:05.312779,KRW-BTC,50647391.25654736,717.141130172544,50596743.86529081,50698038.6478039,51660339.08167831,49634443.431416415,0.03979697146631461
2025-10-08 22:54:05.312779,KRW-ETH,49676712.07184482,368.57287870436886,49627035.35977298,49726388.78391666,50670246.31328172,48683177.830407925,-0.02202771468151843
2025-10-08 22:54:05.312779,KRW-XRP,50134700.634156145,660.8018216188973,50084565.933521986,50184835.3347903,51137394.64683927,49132006.62147302,0.03139375433766482
2025-10-08 22:54:06.319631,KRW-BTC,50675464.93646045,380.6964280565932,50624789.47152399,50726140.40139691,51688974.23518966,49661955.63773124,0.009365221859062633
2025-10-08 22:54:06.319631,KRW-ETH,49676201.338748865,596.0821662295002,49626525.13741012,49725877.54008761,50669725.365523845,48682677.311973885,0.04070141140846133
2025-10-08 22:54:06.319631,KRW-XRP,50126394.05494004,615.007378621713,50076267.660885096,50176520.44899497,51128921.93603884,49123866.17384124,-0.0057299443993576865
2025-10-08 22:54:07.333260,KRW-BTC,50767655.882056445,855.6993292284684,50716888.22617439,50818423.5379385,51783008.99969757,49752302.76441532,0.03284072722763065
2025-10-08 22:54:07.333260,KRW-ETH,49724698.08677275,834.1862958305267,49674973.38868597,49774422.784859516,50719192.048508205,48730204.12503729,0.0032841834543984733
2025-10-08 22:54:07.333260,KRW-XRP,50224990.129458204,816.3125315613942,50174765.13932875,50275215.11958766,51229489.93204737,49220490.32686904,0.040868235615540344
2025-10-08 22:54:08.341270,KRW-BTC,50718787.08251739,786.946328075465,50668068.29543488,50769505.8695999,51733162.82416774,49704411.34086704,-0.010461988190206536
2025-10-08 22:54:08.341270,KRW-ETH,49767291.95674944,957.0549881292687,49717524.66479269,49817059.248706184,50762637.79588443,48771946.11761445,0.042113022490773894
2025-10-08 22:54:08.341270,KRW-XRP,50304850.26590346,288.4012130386402,50254545.41563755,50355155.116169356,51310947.271221526,49298753.26058539,-0.043885536143758855
2025-10-08 22:54:09.343052,KRW-BTC,50707915.840621874,621.0084071376681,50657207.924781255,50758623.75646249,51722074.157434314,49693757.52380943,-0.01609752058706041
2025-10-08 22:54:09.343052,KRW-ETH,49806010.58226918,205.30324472288225,49756204.57168691,49855816.59285144,50802130.793914564,48809890.37062379,0.02432685001771817
2025-10-08 22:54:09.343052,KRW-XRP,50303023.41399625,576.1067390019145,50252720.390582256,50353326.43741024,51309083.88227618,49296962.94571632,-0.029456389432116394
2025-10-08 22:54:10.344429,KRW-BTC,50818549.250767864,840.9067145806907,50767730.7015171,50869367.80001862,51834920.23578322,49802178.26575251,0.02682038357894083
2025-10-08 22:54:10.344429,KRW-ETH,49765280.67706728,418.162642244508,49715515.396390215,49815045.957744345,50760586.29060863,48769975.06352593,-0.04121458751802293
2025-10-08 22:54:10.344429,KRW-XRP,50285943.128301665,637.1463529204675,50235657.18517336,50336229.07142996,51291661.9908677,49280224.26573563,-0.011301929064327657
2025-10-08 22:54:11.358014,KRW-BTC,50771202.55793866,308.702312532168,50720431.35538072,50821973.760496594,51786626.60909743,49755778.50677989,-0.02417342043069406
2025-10-08 22:54:11.358014,KRW-ETH,49799084.68801031,100.45395588995547,49749285.603322305,49848883.77269832,50795066.38177052,48803102.994250104,0.01239119407673954
2025-10-08 22:54:11.358014,KRW-XRP,50331811.295074545,924.4782738615805,50281479.48377947,50382143.106369615,51338447.52097604,49325175.06917305,0.03608666204101853
2025-10-08 22:54:12.369322,KRW-BTC,50843256.78157203,972.0472374751889,50792413.52479046,50894100.03835359,51860121.91720347,49826391.64594059,-0.033038434889116036
2025-10-08 22:54:12.369322,KRW-ETH,49839410.91618596,125.09959667754164,49789571.50526977,49889250.32710214,50836199.13450968,48842622.69786224,-0.03147075675352959
2025-10-08 22:54:12.369322,KRW-XRP,50208973.85912692,776.612658511694,50158764.885267794,50259182.83298604,51213153.336309455,49204794.38194438,0.005558297121677144
2025-10-08 22:54:13.414596,KRW-BTC,50745816.91817772,755.6670751339785,50695071.10125954,50796562.73509589,51760733.256541274,49730900.57981416,-0.024237074560051454
2025-10-08 22:54:13.414596,KRW-ETH,49783731.79231909,268.7822286888278,49733948.06052677,49833515.524111405,50779406.42816547,48788057.156472705,-0.026930001359697666
2025-10-08 22:54:13.414596,KRW-XRP,50181533.970792554,747.289611486219,50131352.43682176,50231715.50476334,51185164.650208406,49177903.2913767,-0.007173729151652951
2025-10-08 22:54:14.473088,KRW-BTC,50691226.465276375,499.62895204138636,50640535.2388111,50741917.691741645,51705050.9945819,49677401.93597085,0.043842058761043634
2025-10-08 22:54:14.473088,KRW-ETH,49721062.516372174,144.05698125982263,49671341.453855805,49770783.57888854,50715483.76669962,48726641.26604473,-0.010154970148069951
2025-10-08 22:54:14.473088,KRW-XRP,50136944.437863484,309.8529230397376,50086807.49342562,50187081.382301345,51139683.32662076,49134205.54910621,-0.037394447692096426
2025-10-08 22:54:15.474354,KRW-BTC,50668893.5596665,699.3344615834101,50618224.666106835,50719562.453226164,51682271.430859834,49655515.688473165,-0.03339827536941144
2025-10-08 22:54:15.474354,KRW-ETH,49689424.15600813,923.6368481744394,49639734.73185212,49739113.580164135,50683212.6391283,48695635.672887966,-0.01540335550207688
2025-10-08 22:54:15.474354,KRW-XRP,50167866.650514945,304.79187604147586,50117698.78386443,50218034.51716545,51171223.98352525,49164509.317504644,0.020719476343305787
2025-10-08 22:54:16.488755,KRW-BTC,50794455.837576136,899.4684780866608,50743661.38173856,50845250.293413706,51810344.95432766,49778566.720824614,0.04937541410719826
2025-10-08 22:54:16.488755,KRW-ETH,49683079.35227639,100.24452787671524,49633396.27292412,49732762.43162867,50676740.93932192,48689417.765230864,0.03492860562428668
2025-10-08 22:54:16.488755,KRW-XRP,50226638.90578766,195.4766681010242,50176412.266881876,50276865.54469344,51231171.68390342,49222106.127671905,0.03576303786357854
2025-10-08 22:54:17.491150,KRW-BTC,50688481.47196134,923.9697600873479,50637792.99048938,50739169.9534333,51702251.10140057,49674711.842522115,0.04918304133309205
2025-10-08 22:54:17.491150,KRW-ETH,49593688.62834353,810.6105385890995,49544094.939715184,49643282.31697187,50585562.4009104,48601814.85577666,-0.0327272023442379
2025-10-08 22:54:17.491150,KRW-XRP,50139180.509436235,564.8904809725561,50089041.3289268,50189319.68994567,51141964.11962496,49136396.89924751,-0.028874520707875075
2025-10-08 22:54:18.603173,KRW-BTC,50621484.85868311,832.0258637259561,50570863.373824425,50672106.343541786,51633914.55585677,49609055.16150945,-0.04456372890897778
2025-10-08 22:54:18.603173,KRW-ETH,49612825.404620014,302.0902364331259,49563212.57921539,49662438.23002463,50605081.91271242,48620568.89652761,-0.013499646271185627
2025-10-08 22:54:18.603173,KRW-XRP,50095480.50919899,958.9339353295891,50045385.028689794,50145575.989708185,51097390.11938298,49093570.89901501,-0.0015394361591366743
2025-10-08 22:54:19.611287,KRW-BTC,50592144.775465906,486.67396543061074,50541552.63069044,50642736.92024136,51603987.67097522,49580301.87995659,-0.009200791746256064
2025-10-08 22:54:19.611287,KRW-ETH,49627787.92516998,433.2142629965748,49578160.13724481,49677415.71309514,50620343.68367338,48635232.16666658,0.0008580713672787579
2025-10-08 22:54:19.611287,KRW-XRP,50091757.40826255,615.8045127660369,50041665.65085429,50141849.165670805,51093592.5564278,49089922.2600973,-0.005700727325085218
2025-10-08 22:54:20.614880,KRW-BTC,50606622.07055895,267.1669676921976,50556015.44848839,50657228.6926295,51618754.51197013,49594489.62914777,0.033660844762823966
2025-10-08 22:54:20.614880,KRW-ETH,49559457.026914954,436.28208022026706,49509897.56988804,49609016.48394186,50550646.16745325,48568267.88637666,-0.03824652717278161
2025-10-08 22:54:20.614880,KRW-XRP,50153163.6109551,390.89704240941046,50103010.44734414,50203316.77456605,51156226.883174196,49150100.338736,0.015774621359884763
2025-10-08 22:54:21.615576,KRW-BTC,50688014.48122654,538.0790541812107,50637326.46674532,50738702.495707765,51701774.770851076,49674254.19160201,0.000353929969958644
2025-10-08 22:54:21.615576,KRW-ETH,49569906.774577126,389.44986681282097,49520336.867802545,49619476.6813517,50561304.91006867,48578508.63908558,0.02826958770408511
2025-10-08 22:54:21.615576,KRW-XRP,50162375.03952701,510.86340910556544,50112212.66448748,50212537.414566524,51165622.54031755,49159127.53873646,0.048951574503397086
2025-10-08 22:54:22.616441,KRW-BTC,50681655.684991166,383.1770064071247,50630974.02930617,50732337.34067615,51695288.79869099,49668022.57129134,0.029557015811291207
2025-10-08 22:54:22.616441,KRW-ETH,49575604.827531815,247.72334466338128,49526029.222704284,49625180.43235934,50567116.92408245,48584092.73098118,-0.034225155762350606
2025-10-08 22:54:22.616441,KRW-XRP,50155541.38285456,167.462651893141,50105385.8414717,50205696.92423741,51158652.21051165,49152430.55519747,-0.03163499941565116
2025-10-08 22:54:23.621325,KRW-BTC,50699025.0630864,251.90394384379488,50648326.03802331,50749724.08814948,51713005.564348124,49685044.56182467,-0.011412830262159522
2025-10-08 22:54:23.621325,KRW-ETH,49533063.823002174,355.32429567571296,49483530.759179175,49582596.886825174,50523725.09946222,48542402.54654213,-0.018419723965980038
2025-10-08 22:54:23.621325,KRW-XRP,50181574.832852595,235.09133138215753,50131393.258019745,50231756.407685444,51185206.329509646,49177943.33619554,0.009705567961592373
2025-10-08 22:54:24.622555,KRW-BTC,50666024.809461676,930.5423346522289,50615358.78465221,50716690.83427113,51679345.30565091,49652704.31327244,-0.03881519052886898
2025-10-08 22:54:24.622555,KRW-ETH,49545745.47094751,622.7496357342604,49496199.72547656,49595291.21641845,50536660.38036646,48554830.56152856,-0.03062323361047591
2025-10-08 22:54:24.622555,KRW-XRP,50151994.63975052,959.7060052707025,50101842.64511077,50202146.634390265,51155034.53254553,49148954.74695551,0.012368061878130332
2025-10-08 22:54:25.623425,KRW-BTC,50696967.99187844,237.41547289403158,50646271.02388656,50747664.959870316,51710907.35171601,49683028.63204087,0.01941834856929371
2025-10-08 22:54:25.623425,KRW-ETH,49459738.62703548,294.17392630903737,49410278.888408445,49509198.365662515,50448933.399576195,48470543.85449477,0.02549130455388847
2025-10-08 22:54:25.623425,KRW-XRP,50083185.86184545,494.63496472137217,50033102.6759836,50133269.04770729,51084849.579082355,49081522.14460854,-0.027232155905788515
2025-10-08 22:54:26.624934,KRW-BTC,50700762.82865579,127.00381101687421,50650062.06582713,50751463.591484435,51714778.085228905,49686747.57208267,-0.04969522968665015
2025-10-08 22:54:26.624934,KRW-ETH,49462266.679504015,100.26707619455772,49412804.41282451,49511728.94618351,50451512.0130941,48473021.34591393,-0.002088157380552423
2025-10-08 22:54:26.624934,KRW-XRP,50138038.686902545,792.3673585871214,50087900.648215644,50188176.72558944,51140799.460640594,49135277.9131645,-0.00722454149342263
2025-10-08 22:54:27.644367,KRW-BTC,50698464.2561937,252.6225090209927,50647765.7919375,50749162.72044989,51712433.541317575,49684494.97106982,0.010063542500538189
2025-10-08 22:54:27.644367,KRW-ETH,49482120.97015791,106.00483561789065,49432638.84918775,49531603.09112806,50471763.389561065,48492478.55075475,0.009225397285063205
2025-10-08 22:54:27.644367,KRW-XRP,50193577.21478428,289.69003652854906,50143383.637569495,50243770.79199906,51197448.75907996,49189705.670488596,0.023510889682112096
2025-10-08 22:54:28.654438,KRW-BTC,50697386.6874102,362.8230914505959,50646689.300722785,50748084.0740976,51711334.4211584,49683438.95366199,0.032192237328630455
2025-10-08 22:54:28.654438,KRW-ETH,49542530.70916888,494.804662614341,49492988.17845971,49592073.23987804,50533381.32335226,48551680.0949855,0.04525853686088431
2025-10-08 22:54:28.654438,KRW-XRP,50176176.17874672,298.0504754611867,50126000.00256798,50226352.35492546,51179699.702321656,49172652.65517179,0.00588288539126116
2025-10-08 22:54:29.741198,KRW-BTC,50635823.96465922,694.0364296626292,50585188.14069456,50686459.78862388,51648540.443952404,49623107.48536604,0.0025003142925560592
2025-10-08 22:54:29.741198,KRW-ETH,49554907.37035722,169.4031789375515,49505352.462986864,49604462.277727574,50546005.51776437,48563809.22295008,0.04054163529061815
2025-10-08 22:54:29.741198,KRW-XRP,50147074.99955276,122.07885170211898,50096927.9245532,50197222.074552305,51150016.499543816,49144133.4995617,0.01715183557634889
2025-10-08 22:54:30.741874,KRW-BTC,50565914.820715405,265.39755107584136,50515348.90589469,50616480.73553611,51577233.11712971,49554596.5243011,0.034112765429613875
2025-10-08 22:54:30.741874,KRW-ETH,49480568.734803215,469.31103124824136,49431088.16606841,49530049.30353801,50470180.10949928,48490957.360107146,0.04697995221116029
2025-10-08 22:54:30.741874,KRW-XRP,50200930.53498647,150.96119317664062,50150729.604451485,50251131.465521455,51204949.1456862,49196911.924286745,0.019520945735402154
2025-10-08 22:54:31.743378,KRW-BTC,50672056.95605606,751.2542946314662,50621384.899100006,50722729.01301211,51685498.09517718,49658615.816934936,0.006770624991055782
2025-10-08 22:54:31.743378,KRW-ETH,49480490.14740552,894.1018733354184,49431009.657258116,49529970.63755292,50470099.95035363,48490880.34445741,-0.022301440329194813
2025-10-08 22:54:31.743378,KRW-XRP,50247572.54149354,467.23438325540485,50197324.96895205,50297820.11403503,51252523.99232341,49242621.09066367,-0.0013855086663915883
2025-10-08 22:54:32.744525,KRW-BTC,50728842.7959431,821.851308295657,50678113.95314715,50779571.638739035,51743419.65186196,49714265.940024234,0.046814826164389964
2025-10-08 22:54:32.744525,KRW-ETH,49431344.877755485,278.3445043768652,49381913.53287773,49480776.222633235,50419971.7753106,48442717.98020037,0.023471722137899553
2025-10-08 22:54:32.744525,KRW-XRP,50297645.362354346,816.131646576767,50247347.71699199,50347943.00771669,51303598.269601434,49291692.45510726,0.03558107636021811
2025-10-08 22:54:33.747398,KRW-BTC,50775546.84275919,399.79767510644024,50724771.29591643,50826322.389601946,51791057.779614374,49760035.90590401,0.012999787841482272
2025-10-08 22:54:33.747398,KRW-ETH,49497970.726948574,721.535979601781,49448472.75622162,49547468.69767552,50487930.141487546,48508011.3124096,0.01289717221833546
2025-10-08 22:54:33.747398,KRW-XRP,50389462.793495156,870.8359221024725,50339073.330701664,50439852.25628865,51397252.04936506,49381673.53762525,-0.01547610494345638
2025-10-08 22:54:34.819122,KRW-BTC,50759270.71492978,434.4683563164824,50708511.44421485,50810029.985644706,51774456.129228376,49744085.30063119,-0.0009794035107858062
2025-10-08 22:54:34.819122,KRW-ETH,49452865.14628953,585.9052238368945,49403412.28114324,49502318.011435814,50441922.449215315,48463807.84336374,-0.04953591283872494
2025-10-08 22:54:34.819122,KRW-XRP,50342926.08780982,658.8111415350688,50292583.16172201,50393269.01389763,51349784.60956602,49336067.56605363,0.031110375100612583
2025-10-08 22:54:35.821814,KRW-BTC,50804819.79535202,231.08477005921105,50754014.975556664,50855624.61514737,51820916.191259064,49788723.399444975,0.03434011609795999
2025-10-08 22:54:35.821814,KRW-ETH,49584159.68510248,448.59352447893184,49534575.52541737,49633743.844787575,50575842.87880453,48592476.49140043,0.029897284354621315
2025-10-08 22:54:35.821814,KRW-XRP,50265821.79631165,370.0380028542443,50215555.974515334,50316087.61810795,51271138.23223788,49260505.36038541,-0.023169436131208546
2025-10-08 22:54:36.822597,KRW-BTC,50841183.7190144,360.88774277971635,50790342.53529538,50892024.90273341,51858007.39339469,49824360.04463411,0.017779027441884726
2025-10-08 22:54:36.822597,KRW-ETH,49539108.80901469,175.53614796348893,49489569.700205676,49588647.9178237,50529890.98519499,48548326.6328344,-0.030408924018704764
2025-10-08 22:54:36.822597,KRW-XRP,50249388.300507836,710.8853844783695,50199138.91220733,50299637.68880834,51254376.066517994,49244400.53449768,0.04592155138823585
2025-10-08 22:54:37.824468,KRW-BTC,50820396.24833873,548.8124785855885,50769575.85209039,50871216.64458706,51836804.173305504,49803988.323371954,0.03642061620635813
2025-10-08 22:54:37.824468,KRW-ETH,49607274.59739538,927.2194729495873,49557667.322797984,49656881.871992774,50599420.089343295,48615129.10544747,-0.014113918441898986
2025-10-08 22:54:37.824468,KRW-XRP,50359158.78899038,507.21956074719697,50308799.630201384,50409517.947779365,51366341.96477019,49351975.61321057,0.03374082097691264
2025-10-08 22:54:38.899652,KRW-BTC,50847501.973330036,176.13949562049703,50796654.471356705,50898349.47530336,51864452.01279664,49830551.93386343,0.033722995889469504
2025-10-08 22:54:38.899652,KRW-ETH,49587382.67464232,714.5109384503603,49537795.291967675,49636970.05731695,50579130.32813516,48595635.02114947,-0.023055037823177495
2025-10-08 22:54:38.899652,KRW-XRP,50336077.847176716,264.09503176581165,50285741.76932954,50386413.92502388,51342799.40412025,49329356.29023318,-0.042325613313019476
2025-10-08 22:54:39.912769,KRW-BTC,50844403.043339625,242.23430118342824,50793558.64029629,50895247.44638296,51861291.10420642,49827514.98247283,0.03405085047083932
2025-10-08 22:54:39.912769,KRW-ETH,49621775.57737598,344.0273598736681,49572153.801798604,49671397.35295335,50614211.0889235,48629340.06582846,-0.005794153203565723
2025-10-08 22:54:39.912769,KRW-XRP,50284621.865063414,985.8105763795483,50234337.24319835,50334906.48692847,51290314.302364685,49278929.42776214,0.003249776545812176
2025-10-08 22:54:40.950516,KRW-BTC,50898418.78483759,456.2611585501494,50847520.366052754,50949317.20362242,51916387.160534345,49880450.40914083,-0.020123895506167302
2025-10-08 22:54:40.950516,KRW-ETH,49616732.20023839,645.2501123300862,49567115.46803816,49666348.93243863,50609066.84424316,48624397.55623362,-0.01804270518157676
2025-10-08 22:54:40.950516,KRW-XRP,50230887.58471411,985.7539858736437,50180656.69712939,50281118.472298816,51235505.33640839,49226269.83301982,-0.04466580777988525
2025-10-08 22:54:42.088761,KRW-BTC,50914647.21743365,848.5558173302695,50863732.570216216,50965561.86465108,51932940.16178232,49896354.273084976,0.041505108598184556
2025-10-08 22:54:42.088761,KRW-ETH,49667710.848345794,670.7107963763856,49618043.13749745,49717378.55919413,50661065.06531271,48674356.631378874,0.0024175804480977003
2025-10-08 22:54:42.088761,KRW-XRP,50323255.83791378,172.1714751326591,50272932.582075864,50373579.09375169,51329720.95467206,49316790.7211555,-0.0009904482122798375
2025-10-08 22:54:43.312919,KRW-BTC,50953018.26421996,788.1453478106127,50902065.24595574,51003971.282484174,51972078.62950436,49933957.898935564,-0.03030734404282335
2025-10-08 22:54:43.312919,KRW-ETH,49651949.57058622,804.7278730686487,49602297.62101563,49701601.5201568,50644988.56199794,48658910.579174496,0.038428540891594684
2025-10-08 22:54:43.312919,KRW-XRP,50363761.02679933,795.8741144316355,50313397.26577253,50414124.78782612,51371036.247335315,49356485.80626334,0.028157767829359193
2025-10-08 22:54:44.313561,KRW-BTC,50917542.27608484,552.0967909779877,50866624.733808756,50968459.81836092,51935893.121606536,49899191.430563144,-0.027802098736954564
2025-10-08 22:54:44.313561,KRW-ETH,49643212.64464274,721.8482440526268,49593569.4319981,49692855.85728738,50636076.8975356,48650348.39174988,0.020380997067614023
2025-10-08 22:54:44.313561,KRW-XRP,50360205.95053994,551.5262031396721,50309845.744589396,50410566.156490475,51367410.06955074,49353001.83152914,0.02235941900791072
2025-10-08 22:54:45.318215,KRW-BTC,50911556.681719735,976.0966175902832,50860645.12503801,50962468.23840145,51929787.81535413,49893325.54808534,0.03907255859975026
2025-10-08 22:54:45.318215,KRW-ETH,49708956.66415477,810.9144861307116,49659247.707490616,49758665.62081892,50703135.79743786,48714777.530871674,-0.007331659295337058
2025-10-08 22:54:45.318215,KRW-XRP,50326195.84058927,670.1757536617397,50275869.64474868,50376522.03642985,51332719.75740106,49319671.92377748,0.011254663687918942
2025-10-08 22:54:46.318633,KRW-BTC,50876387.15445489,885.2264139077636,50825510.767300434,50927263.54160934,51893914.89754399,49858859.411365785,-0.021655891106572345
2025-10-08 22:54:46.318633,KRW-ETH,49729066.18923317,843.8165171740234,49679337.12304394,49778795.2554224,50723647.51301783,48734484.865448505,-0.028009354424478397
2025-10-08 22:54:46.318633,KRW-XRP,50324038.29587674,844.6342595316197,50273714.25758086,50374362.334172614,51330519.06179427,49317557.52995921,0.00948068064186465
2025-10-08 22:54:47.337963,KRW-BTC,50899874.628374666,987.4762827106941,50848974.75374629,50950774.50300304,51917872.12094216,49881877.13580717,0.02334711532178614
2025-10-08 22:54:47.337963,KRW-ETH,49654229.5562482,131.81217144064226,49604575.326691955,49703883.78580444,50647314.14737317,48661144.965123236,-0.029170298503592564
2025-10-08 22:54:47.337963,KRW-XRP,50325504.93117584,657.3866728145883,50275179.42624467,50375830.43610701,51332015.02979936,49318994.83255233,0.030715679056212336
2025-10-08 22:54:48.339412,KRW-BTC,50971114.67072915,621.8214893358818,50920143.55605842,51022085.78539988,51990536.96414374,49951692.37731457,-0.0477497205716155
2025-10-08 22:54:48.339412,KRW-ETH,49657874.317836426,426.4897768834283,49608216.44351859,49707532.19215426,50651031.804193154,48664716.8314797,0.014070311222795132
2025-10-08 22:54:48.339412,KRW-XRP,50308133.930556245,510.2729236924372,50257825.79662569,50358442.064486794,51314296.60916737,49301971.25194512,-0.03541757145906275
2025-10-08 22:54:49.340004,KRW-BTC,50938739.4621256,618.1863691708115,50887800.72266348,50989678.20158772,51957514.25136811,49919964.672883086,-0.007398614112481917
2025-10-08 22:54:49.340004,KRW-ETH,49697639.71853626,982.3650068305715,49647942.07881772,49747337.35825479,50691592.51290698,48703686.92416553,0.030208412247425848
2025-10-08 22:54:49.340004,KRW-XRP,50258238.757711984,998.9781536276308,50207980.51895427,50308496.99646969,51263403.532866225,49253073.982557744,0.007611712113900347
2025-10-08 22:54:50.344382,KRW-BTC,50860265.33124567,736.544595194304,50809405.06591442,50911125.59657691,51877470.63787058,49843060.02462076,0.031254519127223004
2025-10-08 22:54:50.344382,KRW-ETH,49650146.319845006,237.11870711563066,49600496.17352516,49699796.46616484,50643149.246241905,48657143.39344811,0.04755418832205956
2025-10-08 22:54:50.344382,KRW-XRP,50231130.44816193,617.704094620009,50180899.31771377,50281361.578610085,51235753.057125166,49226507.83919869,0.03310677038784869
2025-10-08 22:54:51.353005,KRW-BTC,50877809.2452502,585.2962163355995,50826931.43600495,50928687.05449545,51895365.43015521,49860253.060345195,0.02152221643747762
2025-10-08 22:54:51.353005,KRW-ETH,49718993.15972474,432.79232620152385,49669274.166565016,49768712.15288446,50713373.02291924,48724613.29653025,0.01024640141485579
2025-10-08 22:54:51.353005,KRW-XRP,50246441.85608933,241.03032804047623,50196195.414233245,50296688.29794542,51251370.693211116,49241513.01896755,-0.01246081516007086
2025-10-08 22:54:52.359747,KRW-BTC,50825353.18064174,861.175627745662,50774527.8274611,50876178.53382238,51841860.244254574,49808846.11702891,0.009032828540051531
2025-10-08 22:54:52.359747,KRW-ETH,49754873.81927814,124.66589357050461,49705118.94545887,49804628.69309741,50749971.29566371,48759776.34289258,0.016928456775099937
2025-10-08 22:54:52.359747,KRW-XRP,50185818.28497589,361.53453687231274,50135632.46669091,50236004.10326086,51189534.65067541,49182101.919276364,-0.03135338501785202
2025-10-08 22:54:53.360311,KRW-BTC,50828908.06136133,355.23925812825587,50778079.153299965,50879736.96942268,51845486.222588554,49812329.9001341,-0.04541746908472464
2025-10-08 22:54:53.360311,KRW-ETH,49844284.74795459,390.63474036919916,49794440.463206634,49894129.03270254,50841170.44291368,48847399.0529955,-0.01700553113707389
2025-10-08 22:54:53.360311,KRW-XRP,50170708.663196675,211.06794361400125,50120537.95453348,50220879.37185986,51174122.83646061,49167294.48993274,-0.039524577133933064
2025-10-08 22:54:54.361056,KRW-BTC,50757202.45134289,143.26230210654313,50706445.24889155,50807959.65379423,51772346.50036975,49742058.40231603,-0.03397322101675543
2025-10-08 22:54:54.361056,KRW-ETH,49883101.54403413,540.2270055697156,49833218.44249009,49932984.64557816,50880763.57491481,48885439.51315345,-0.01970145866927582
2025-10-08 22:54:54.361056,KRW-XRP,50193003.28222996,816.6007134890133,50142810.27894773,50243196.28551219,51196863.34787456,49189143.21658536,-0.0263627756996523
2025-10-08 22:54:55.370395,KRW-BTC,50720913.25111014,370.69146040816037,50670192.33785903,50771634.16436124,51735331.51613234,49706494.98608793,-0.023740539861345136
2025-10-08 22:54:55.370395,KRW-ETH,49867792.58329885,305.68430648478227,49817924.790715545,49917660.37588214,50865148.43496483,48870436.731632866,-0.03816437692295957
2025-10-08 22:54:55.370395,KRW-XRP,50219163.55938267,121.95831761057791,50168944.395823285,50269382.72294205,51223546.830570325,49214780.288195014,0.015720557141271477
2025-10-08 22:54:56.371607,KRW-BTC,50678267.633917,788.1867465286595,50627589.36628308,50728945.90155091,51691832.98659534,49664702.28123865,0.03703711559863765
2025-10-08 22:54:56.371607,KRW-ETH,49875455.54117443,486.6193767639524,49825580.085633256,49925330.9967156,50872964.65199792,48877946.43035094,-0.01909434694429605
2025-10-08 22:54:56.371607,KRW-XRP,50272091.229389876,202.75625541610887,50221819.13816049,50322363.32061926,51277533.053977676,49266649.40480208,0.007667258940012078
2025-10-08 22:54:57.382527,KRW-BTC,50655434.462365225,416.41283229828974,50604779.02790286,50706089.896827586,51668543.15161253,49642325.77311792,0.02175154240730709
2025-10-08 22:54:57.382527,KRW-ETH,49911514.186573036,219.57145090179077,49861602.67238646,49961425.700759605,50909744.4703045,48913283.902841575,-0.04266728113473727
2025-10-08 22:54:57.382527,KRW-XRP,50231237.43238621,334.12676287287843,50181006.19495383,50281468.669818595,51235862.18103394,49226612.683738485,0.027109652283921523
2025-10-08 22:54:58.385337,KRW-BTC,50644415.73911192,618.9045696104185,50593771.32337281,50695060.15485103,51657304.05389416,49631527.42432968,0.028677785155243538
2025-10-08 22:54:58.385337,KRW-ETH,49924177.16890547,211.8879932616574,49874252.99173656,49974101.346074365,50922660.712283574,48925693.62552736,0.02054283299826523
2025-10-08 22:54:58.385337,KRW-XRP,50238120.7317712,460.668778073989,50187882.61103943,50288358.852502964,51242883.14640663,49233358.31713577,0.003351665770809184
2025-10-08 22:54:59.386032,KRW-BTC,50714212.20276657,498.3277193480929,50663497.9905638,50764926.414969325,51728496.4468219,49699927.95871124,0.015817996128955056
2025-10-08 22:54:59.386032,KRW-ETH,49946898.50282099,363.4855597364293,49896951.60431817,49996845.4013238,50945836.47287741,48947960.53276457,-0.0113239051210825
2025-10-08 22:54:59.386032,KRW-XRP,50248699.31386755,885.2979399655593,50198450.61455368,50298948.01318141,51253673.300144896,49243725.3275902,0.017187530832577
2025-10-08 22:55:00.438525,KRW-BTC,50765636.1019071,384.04704941148407,50714870.46580519,50816401.738009,51780948.82394524,49750323.379868954,0.048761627552387554
2025-10-08 22:55:00.438525,KRW-ETH,49933987.24003848,558.7948414120245,49884053.25279844,49983921.22727851,50932666.984839246,48935307.49523771,0.014792674960045687
2025-10-08 22:55:00.438525,KRW-XRP,50178251.78129387,971.9574137100724,50128073.52951258,50228430.033075154,51181816.816919744,49174686.745667994,-0.009317858481687633
2025-10-08 22:55:01.442740,KRW-BTC,50722065.806045435,914.8795115718267,50671343.74023939,50772787.871851474,51736507.12216634,49707624.48992453,-0.0007359619372366497
2025-10-08 22:55:01.442740,KRW-ETH,49986279.671928495,404.0547139937688,49936293.392256565,50036265.95160042,50986005.26536707,48986554.07848992,0.02638475615306797
2025-10-08 22:55:01.442740,KRW-XRP,50208749.45065396,620.209123879831,50158540.70120331,50258958.20010461,51212924.439667046,49204574.46164088,-0.043609519566071155
2025-10-08 22:55:02.443517,KRW-BTC,50599951.9790733,705.6416513025137,50549352.02709423,50650551.93105237,51611951.01865477,49587952.93949183,0.03624972522921495
2025-10-08 22:55:02.443517,KRW-ETH,50021979.25723789,889.3792454447603,49971957.27798065,50072001.23649512,51022418.84238265,49021539.67209313,-0.018546276293734024
2025-10-08 22:55:02.443517,KRW-XRP,50147312.18590924,992.9797944044228,50097164.873723336,50197459.49809515,51150258.429627426,49144365.94219106,0.033822058309331424
2025-10-08 22:55:03.444886,KRW-BTC,50657065.56368868,452.29414262915566,50606408.498124994,50707722.62925237,51670206.87496246,49643924.252414905,-0.016650551745984468
2025-10-08 22:55:03.444886,KRW-ETH,49977795.105978996,593.2828843682009,49927817.31087302,50027772.90108497,50977351.00809858,48978239.20385941,0.02178194947921401
2025-10-08 22:55:03.444886,KRW-XRP,50226979.20328543,252.5906831140352,50176752.22408215,50277206.18248871,51231518.78735115,49222439.61921972,-0.023119376069302856
2025-10-08 22:55:04.445512,KRW-BTC,50585112.20804212,187.1429252778435,50534527.095834084,50635697.32025016,51596814.45220297,49573409.96388128,0.02649611226413326
2025-10-08 22:55:04.445512,KRW-ETH,49922217.69574182,555.3777801359311,49872295.478046075,49972139.91343755,50920662.04965665,48923773.34182698,-0.02266171448120337
2025-10-08 22:55:04.445512,KRW-XRP,50199641.0254769,564.7101483115762,50149441.38445143,50249840.66650237,51203633.84598644,49195648.204967365,0.04504504135876147
2025-10-08 22:55:05.446111,KRW-BTC,50543170.019854434,726.042081379953,50492626.849834576,50593713.189874284,51554033.420251526,49532306.61945734,-0.04205537127824865
2025-10-08 22:55:05.446111,KRW-ETH,49950056.26692628,286.5909046078963,49900106.210659355,50000006.3231932,50949057.392264806,48951055.14158776,-0.0477209929451672
2025-10-08 22:55:05.446111,KRW-XRP,50263436.180670045,158.18456412474092,50213172.74448937,50313699.61685071,51268704.90428345,49258167.45705664,-0.046026749381465365
2025-10-08 22:55:06.447420,KRW-BTC,50492657.38192395,428.557854858937,50442164.72454203,50543150.03930587,51502510.52956243,49482804.234285474,-0.03756551649975638
2025-10-08 22:55:06.447420,KRW-ETH,49940733.93574435,999.1102664005945,49890793.20180861,49990674.66968009,50939548.61445924,48941919.25702947,0.04985339486108731
2025-10-08 22:55:06.447420,KRW-XRP,50336936.04633376,162.50673559626733,50286599.11028743,50387272.982380085,51343674.76726044,49330197.32540708,-0.04383186518202392
2025-10-08 22:55:07.448239,KRW-BTC,50484489.44556559,397.2274509248796,50434004.95612002,50534973.93501115,51494179.2344769,49474799.656654276,-0.04226546694783134
2025-10-08 22:55:07.448239,KRW-ETH,49919106.03784768,219.42807188112715,49869186.931809835,49969025.14388552,50917488.15860464,48920723.91709073,-0.0379348533601385
2025-10-08 22:55:07.448239,KRW-XRP,50269715.82830161,222.72933967800788,50219446.11247331,50319985.54412991,51275110.14486764,49264321.51173557,0.021873028927869825
2025-10-08 22:55:08.450513,KRW-BTC,50451281.46172366,340.318974558234,50400830.18026194,50501732.74318538,51460307.09095814,49442255.832489185,0.047908166725555076
2025-10-08 22:55:08.450513,KRW-ETH,49916704.027266726,129.4090464479773,49866787.32323946,49966620.731293984,50915038.10781206,48918369.94672139,-0.034660286240732835
2025-10-08 22:55:08.450513,KRW-XRP,50275314.73797024,890.1444790021377,50225039.42323227,50325590.05270821,51280821.03272965,49269808.44321083,0.002273222206408243
2025-10-08 22:55:09.462685,KRW-BTC,50489091.15697041,762.2537266028779,50438602.065813445,50539580.24812738,51498872.98010982,49479309.333831005,0.001895792967639011
2025-10-08 22:55:09.462685,KRW-ETH,49894757.43674883,349.18694623865133,49844862.67931208,49944652.19418558,50892652.58548381,48896862.28801385,-0.004172801637908161
2025-10-08 22:55:09.462685,KRW-XRP,50209673.69802118,643.68819181705,50159464.02432316,50259883.3717192,51213867.1719816,49205480.22406076,0.018603462398709497
2025-10-08 22:55:10.523333,KRW-BTC,50401570.702063955,949.034343930117,50351169.131361894,50451972.27276602,51409602.116105236,49393539.288022675,0.0012865832721406303
2025-10-08 22:55:10.523333,KRW-ETH,49954036.064148135,828.6202489311852,49904082.02808399,50003990.100212276,50953116.7854311,48954955.34286517,-0.03845458489674718
2025-10-08 22:55:10.523333,KRW-XRP,50141058.714237384,743.0731535439184,50090917.65552314,50191199.77295162,51143879.88852213,49138237.539952636,-0.026368581184821983
2025-10-08 22:55:11.526573,KRW-BTC,50359558.29103959,227.06280599093287,50309198.73274855,50409917.84933063,51366749.456860386,49352367.1252188,0.005718370732130648
2025-10-08 22:55:11.526573,KRW-ETH,49869766.6161687,704.9732620731088,49819896.849552535,49919636.382784866,50867161.94849207,48872371.28384533,-0.008605429622882722
2025-10-08 22:55:11.526573,KRW-XRP,50182691.80876355,278.875072374064,50132509.11695479,50232874.50057231,51186345.64493882,49179037.97258828,0.014298019705942328
2025-10-08 22:55:12.536655,KRW-BTC,50341069.77186104,451.6773655838835,50290728.702089176,50391410.841632895,51347891.16729826,49334248.37642382,-0.04846865404906249
2025-10-08 22:55:12.536655,KRW-ETH,49766373.63047088,986.3637487949765,49716607.25684041,49816140.00410134,50761701.103080295,48771046.157861464,-0.03617149733653548
2025-10-08 22:55:12.536655,KRW-XRP,50123279.52785079,240.4246307439056,50073156.24832294,50173402.807378635,51125745.11840781,49120813.937293775,0.04969764970040762
2025-10-08 22:55:13.537281,KRW-BTC,50255200.00958691,634.4173348794352,50204944.80957732,50305455.20959649,51260304.00977865,49250096.00939517,0.027963251332561403
2025-10-08 22:55:13.537281,KRW-ETH,49749770.27041945,387.1812808144063,49700020.50014903,49799520.04068986,50744765.67582784,48754774.86501106,-0.016089818055897556
2025-10-08 22:55:13.537281,KRW-XRP,50102851.809067495,544.7639242106613,50052748.957258426,50152954.66087656,51104908.84524885,49100794.77288614,0.04655671538718774
2025-10-08 22:55:14.559232,KRW-BTC,50245107.07437351,350.20114890504453,50194861.96729914,50295352.18144788,51250009.215860985,49240204.93288604,-0.03889915257534374
2025-10-08 22:55:14.559232,KRW-ETH,49796902.88192246,285.1243606759175,49747105.97904054,49846699.78480438,50792840.93956091,48800964.82428401,-0.014667621723561043
2025-10-08 22:55:14.559232,KRW-XRP,50013844.77043066,692.9919558848011,49963830.92566023,50063858.615201086,51014121.66583928,49013567.875022046,0.0003904977435991927
2025-10-08 22:55:15.562602,KRW-BTC,50291573.7293861,476.82325413496886,50241282.15565671,50341865.30311548,51297405.20397382,49285742.254798375,-0.01439178385043454
2025-10-08 22:55:15.562602,KRW-ETH,49739906.38139535,187.6342663192599,49690166.47501395,49789646.28777674,50734704.50902326,48745108.25376744,0.008582950015468938
2025-10-08 22:55:15.562602,KRW-XRP,50017166.658365145,729.167054356617,49967149.49170678,50067183.8250235,51017509.99153245,49016823.32519784,0.008496138919143525
2025-10-08 22:55:16.564578,KRW-BTC,50282942.13170867,593.2555572336794,50232659.18957696,50333225.07384037,51288600.97434284,49277283.289074495,0.018718284514006894
2025-10-08 22:55:16.564578,KRW-ETH,49728791.98636901,506.0219251070905,49679063.19438264,49778520.77835537,50723367.826096386,48734216.14664163,0.02512421982681476
2025-10-08 22:55:16.564578,KRW-XRP,50004183.58602551,823.9369434285712,49954179.40243949,50054187.76961153,51004267.257746026,49004099.914305,-0.012685258333511973
2025-10-08 22:55:17.598535,KRW-BTC,50284183.6372533,917.555959431452,50233899.453616045,50334467.820890546,51289867.30999836,49278499.964508235,-0.013316663443181456
2025-10-08 22:55:17.598535,KRW-ETH,49764027.20279428,152.20430523775605,49714263.17559149,49813791.229997076,50759307.74685017,48768746.6587384,0.034798542840094523
2025-10-08 22:55:17.598535,KRW-XRP,49997743.200966395,426.61295108140536,49947745.45776543,50047740.94416735,50997698.06498572,48997788.33694707,-0.018892882348604503
2025-10-08 22:55:18.604961,KRW-BTC,50328502.27621733,396.39541148026325,50278173.77394111,50378830.77849354,51335072.32174167,49321932.23069298,-0.015879386291725583
2025-10-08 22:55:18.604961,KRW-ETH,49750634.442190625,301.0256172429604,49700883.80774844,49800385.07663281,50745647.13103444,48755621.75334681,-0.03402259222633328
2025-10-08 22:55:18.604961,KRW-XRP,49906202.05758464,636.6964964775815,49856295.85552706,49956108.25964222,50904326.09873634,48908078.01643295,0.020721553962028322
2025-10-08 22:55:19.605608,KRW-BTC,50305443.635919,496.87298505190233,50255138.19228308,50355749.07955491,51311552.508637376,49299334.76320062,-0.039966264747811425
2025-10-08 22:55:19.605608,KRW-ETH,49801758.64534294,691.9223037035238,49751956.8866976,49851560.40398828,50797793.8182498,48805723.47243608,-0.011556377693680488
2025-10-08 22:55:19.605608,KRW-XRP,49908223.35241686,959.4053945406357,49858315.12906444,49958131.57576927,50906387.8194652,48910058.88536852,0.02835381010255625
2025-10-08 22:55:20.606629,KRW-BTC,50370816.11922645,172.50770788043695,50320445.303107224,50421186.93534567,51378232.44161098,49363399.79684192,0.044428183454184714
2025-10-08 22:55:20.606629,KRW-ETH,49740979.20962384,311.16993045962886,49691238.23041422,49790720.18883346,50735798.79381632,48746159.625431366,0.02437479983828407
2025-10-08 22:55:20.606629,KRW-XRP,49878099.309599385,391.1033025912893,49828221.210289784,49927977.40890898,50875661.29579137,48880537.3234074,0.03307388191974002
2025-10-08 22:55:21.607449,KRW-BTC,50456953.06102836,921.1887474427506,50406496.10796733,50507410.01408938,51466092.12224893,49447813.99980779,0.04702387663859782
2025-10-08 22:55:21.607449,KRW-ETH,49677019.89851501,627.2608448447522,49627342.8786165,49726696.91841352,50670560.29648531,48683479.500544704,0.008383557731397352
2025-10-08 22:55:21.607449,KRW-XRP,49829268.68852556,348.47292052787003,49779439.419837035,49879097.95721408,50825854.06229607,48832683.314755045,-0.0020793209336640653
2025-10-08 22:55:22.608391,KRW-BTC,50441009.709184185,935.8206629171594,50390568.699475,50491450.718893364,51449829.90336787,49432189.5150005,-0.03782868615185323
2025-10-08 22:55:22.608391,KRW-ETH,49588922.3254674,935.2763856831128,49539333.40314193,49638511.24779286,50580700.77197675,48597143.878958054,-0.005015880943468207
2025-10-08 22:55:22.608391,KRW-XRP,49812485.72660066,550.6435215637946,49762673.24087406,49862298.21232726,50808735.44113268,48816236.012068644,0.00572617921582258
2025-10-08 22:55:23.608930,KRW-BTC,50480130.41426049,126.15952462750126,50429650.28384623,50530610.54467475,51489733.0225457,49470527.80597528,-0.0017985691876293425
2025-10-08 22:55:23.608930,KRW-ETH,49568842.70816281,997.1265347738137,49519273.865454644,49618411.55087096,50560219.562326066,48577465.85399955,-0.030616623572698388
2025-10-08 22:55:23.608930,KRW-XRP,49765363.018280834,607.906411292804,49715597.65526255,49815128.38129911,50760670.278646454,48770055.75791521,-0.03752476169787339
2025-10-08 22:55:24.611847,KRW-BTC,50555259.01547912,971.0041106951862,50504703.75646364,50605814.27449459,51566364.195788704,49544153.83516953,-0.02160217165084607
2025-10-08 22:55:24.611847,KRW-ETH,49497485.42789081,402.6169183856395,49447987.94246291,49546982.91331869,50487435.13644862,48507535.71933299,0.034897971422494276
2025-10-08 22:55:24.611847,KRW-XRP,49733901.049407385,329.2101334184259,49684167.14835798,49783634.95045679,50728579.07039554,48739223.028419234,0.043441161885465415
2025-10-08 22:55:25.614250,KRW-BTC,50549881.58424592,368.9988661097342,50499331.70266167,50600431.46583016,51560879.21593084,49538883.952561,0.024967982238718905
2025-10-08 22:55:25.614250,KRW-ETH,49462044.3332548,834.9111068978098,49412582.28892154,49511506.37758805,50451285.2199199,48472803.4465897,-0.008464586315185665
2025-10-08 22:55:25.614250,KRW-XRP,49750956.38535448,143.0415128101879,49701205.42896913,49800707.34173983,50745975.513061576,48755937.25764739,-0.04559353049453041
2025-10-08 22:55:26.620873,KRW-BTC,50606578.63896125,306.85517788716777,50555972.060322285,50657185.217600204,51618710.21174047,49594447.066182025,0.02413626279095414
2025-10-08 22:55:26.620873,KRW-ETH,49493146.66370147,450.21288298000934,49443653.517037764,49542639.81036516,50483009.5969755,48503283.73042744,-0.01394993420248123
2025-10-08 22:55:26.620873,KRW-XRP,49715175.91521672,506.2000864586193,49665460.7393015,49764891.09113193,50709479.433521055,48720872.39691239,0.034689542518476946
2025-10-08 22:55:27.622420,KRW-BTC,50495603.81703678,536.6315567696122,50445108.21321974,50546099.42085381,51505515.89337751,49485691.74069604,0.024846752244670228
2025-10-08 22:55:27.622420,KRW-ETH,49537787.00782854,160.4457003668827,49488249.22082071,49587324.794836365,50528542.74798511,48547031.26767197,0.029877732794067108
2025-10-08 22:55:27.622420,KRW-XRP,49771261.228002384,965.1419679180289,49721489.96677438,49821032.48923038,50766686.45256244,48775836.00344233,0.02552226817167963
2025-10-08 22:55:28.627240,KRW-BTC,50612540.32774689,712.7864579490541,50561927.78741914,50663152.86807463,51624791.13430183,49600289.521191955,0.01155292397556569
2025-10-08 22:55:28.627240,KRW-ETH,49464885.26184671,158.42123635464867,49415420.376584865,49514350.147108555,50454182.96708365,48475587.55660978,0.005689073779265683
2025-10-08 22:55:28.627240,KRW-XRP,49672939.6361964,765.5751305816066,49623266.696560204,49722612.57583259,50666398.42892033,48679480.843472466,-0.038330163135934486
2025-10-08 22:55:29.628722,KRW-BTC,50621449.59526274,536.2990558986637,50570828.14566748,50672071.044858,51633878.587168,49609020.60335749,-0.0442294298503674
2025-10-08 22:55:29.628722,KRW-ETH,49442830.55239295,171.80145078490625,49393387.72184056,49492273.38294534,50431687.16344081,48453973.941345096,0.036897844714041214
2025-10-08 22:55:29.628722,KRW-XRP,49702543.376574166,830.5007062092269,49652840.83319759,49752245.91995073,50696594.24410565,48708492.50904268,0.0032205823727383814
2025-10-08 22:55:30.629573,KRW-BTC,50588743.15326915,458.26768128352523,50538154.41011588,50639331.896422416,51600518.01633453,49576968.290203765,-0.006794786999429203
2025-10-08 22:55:30.629573,KRW-ETH,49476005.009778164,675.3601542816258,49426529.00476839,49525481.014787935,50465525.10997373,48486484.9095826,-0.03524804458913753
2025-10-08 22:55:30.629573,KRW-XRP,49684353.29666758,332.1466282427841,49634668.943370916,49734037.64996424,50678040.36260094,48690666.23073423,0.015969975982036977
2025-10-08 22:55:31.630531,KRW-BTC,50576762.0622914,243.21604454475738,50526185.30022911,50627338.82435369,51588297.30353723,49565226.82104557,0.002767616872645616
2025-10-08 22:55:31.630531,KRW-ETH,49453891.87602302,598.5394764623092,49404437.984147,49503345.76789904,50442969.713543475,48464814.03850256,-0.027171769212820364
2025-10-08 22:55:31.630531,KRW-XRP,49745813.29367389,884.5588593262431,49696067.480380215,49795559.10696755,50740729.559547365,48750897.02780041,-0.0033896676264136283
2025-10-08 22:55:32.633467,KRW-BTC,50507684.66899297,934.8712804420092,50457176.98432397,50558192.353661954,51517838.36237282,49497530.97561311,0.008475264690897488
2025-10-08 22:55:32.633467,KRW-ETH,49502583.674796134,512.6492574370131,49453081.09112134,49552086.25847092,50492635.34829206,48512532.00130021,-0.020010408826668116
2025-10-08 22:55:32.633467,KRW-XRP,49798311.07659266,115.55879202437559,49748512.765516065,49848109.38766925,50794277.298124515,48802344.85506081,0.025126540558950416
2025-10-08 22:55:33.642479,KRW-BTC,50457314.20341869,286.97111599748905,50406856.88921527,50507771.5176221,51466460.48748706,49448167.91935031,0.011545088023808062
2025-10-08 22:55:33.642479,KRW-ETH,49548511.63187131,997.3622287399323,49498963.120239444,49598060.14350318,50539481.86450874,48557541.399233885,0.01506603104873365
2025-10-08 22:55:33.642479,KRW-XRP,49770286.37971431,848.9265870178332,49720516.09333459,49820056.66609402,50765692.1073086,48774880.652120024,-0.03230086083827889
2025-10-08 22:55:34.646812,KRW-BTC,50440429.26492145,299.3297654939838,50389988.83565653,50490869.69418637,51449237.850219876,49431620.67962302,0.0372737584568668
2025-10-08 22:55:34.646812,KRW-ETH,49560808.46908846,893.3524635928312,49511247.66061937,49610369.27755754,50552024.638470225,48569592.29970669,0.00437627842414736
2025-10-08 22:55:34.646812,KRW-XRP,49885897.86043563,961.7619025175592,49836011.96257519,49935783.75829606,50883615.81764434,48888179.90322691,-0.020124125900994206
2025-10-08 22:55:35.647699,KRW-BTC,50378224.27047736,935.1288491416171,50327846.046206884,50428602.49474783,51385788.75588691,49370659.78506781,0.048029160608844365
2025-10-08 22:55:35.647699,KRW-ETH,49566736.14745053,685.4992527754104,49517169.41130308,49616302.88359798,50558070.87039954,48575401.424501516,-0.04745149547026434
2025-10-08 22:55:35.647699,KRW-XRP,49854196.07547424,914.0399349157591,49804341.87939876,49904050.27154971,50851279.99698372,48857112.15396476,0.04704159976082606
2025-10-08 22:55:36.649587,KRW-BTC,50348050.0156627,775.6383849874572,50297701.965647034,50398398.06567836,51355011.01597595,49341089.01534945,0.03069869974763574
2025-10-08 22:55:36.649587,KRW-ETH,49463000.00295478,932.6390290025075,49413537.00295182,49512463.00295773,50452260.00301388,48473740.00289568,0.009606818417715712
2025-10-08 22:55:36.649587,KRW-XRP,49847527.80825665,362.80170374582343,49797680.28044839,49897375.3360649,50844478.364421785,48850577.25209151,0.036767801348187676
2025-10-08 22:55:37.651298,KRW-BTC,50349239.371548004,760.8458218397133,50298890.13217646,50399588.61091955,51356224.15897897,49342254.58411704,-0.04956240815642165
2025-10-08 22:55:37.651298,KRW-ETH,49434987.07795588,538.282731445538,49385552.09087792,49484422.06503383,50423686.819515,48446287.33639676,-0.043245234065760196
2025-10-08 22:55:37.651298,KRW-XRP,49853634.81541496,373.78898366920157,49803781.18059954,49903488.45023037,50850707.51172326,48856562.11910666,0.015210475650466085
2025-10-08 22:55:38.653621,KRW-BTC,50402588.79866112,330.3710024401773,50352186.209862456,50452991.38745978,51410640.57463434,49394537.0226879,-0.048592051183874344
2025-10-08 22:55:38.653621,KRW-ETH,49479982.78268469,919.8408863710805,49430502.79990201,49529462.76546737,50469582.438338384,48490383.127031,-0.005691027141032465
2025-10-08 22:55:38.653621,KRW-XRP,49908192.491553575,682.8574351167347,49858284.29906202,49958100.68404512,50906356.34138465,48910028.6417225,0.03173329551021711
2025-10-08 22:55:39.683139,KRW-BTC,50307108.39711005,631.3005772061305,50256801.28871294,50357415.505507156,51313250.565052256,49300966.22916785,-0.04926437872780817
2025-10-08 22:55:39.683139,KRW-ETH,49487519.710430264,685.193818663159,49438032.190719835,49537007.230140686,50477270.10463887,48497769.31622166,0.0007417370449589802
2025-10-08 22:55:39.683139,KRW-XRP,49884244.050187506,907.8262634180702,49834359.806137316,49934128.29423769,50881928.93119126,48886559.16918375,0.038047787297384714
2025-10-08 22:55:40.706077,KRW-BTC,50290584.226375,422.8490574693916,50240293.64214862,50340874.81060137,51296395.9109025,49284772.5418475,-0.010932304509357761
2025-10-08 22:55:40.706077,KRW-ETH,49416836.01073977,664.6013210347046,49367419.174729034,49466252.846750505,50405172.73095457,48428499.290524974,0.019559022962902406
2025-10-08 22:55:40.706077,KRW-XRP,49957891.44599293,438.45205055870684,49907933.55454694,50007849.33743892,50957049.27491279,48958733.617073074,-0.019007429152869116
2025-10-08 22:55:41.708678,KRW-BTC,50306849.453214996,874.0579141752661,50256542.60376178,50357156.30266821,51312986.442279294,49300712.4641507,-0.023737603812399977
2025-10-08 22:55:41.708678,KRW-ETH,49427250.59963095,343.06534031167837,49377823.34903132,49476677.850230575,50415795.61162357,48438705.58763833,0.012431829010858785
2025-10-08 22:55:41.708678,KRW-XRP,49900354.73937218,979.8699022536846,49850454.3846328,49950255.09411155,50898361.83415962,48902347.64458474,0.02321833701007521
2025-10-08 22:55:42.756353,KRW-BTC,50276526.14875387,609.1668078973186,50226249.622605115,50326802.67490262,51282056.671728946,49270995.62577879,-0.01090020576464383
2025-10-08 22:55:42.756353,KRW-ETH,49440764.99209965,635.3522293713272,49391324.22710755,49490205.757091746,50429580.29194164,48451949.69225766,0.03954599574616678
2025-10-08 22:55:42.756353,KRW-XRP,49842457.163134135,350.5021340261869,49792614.705971,49892299.62029726,50839306.30639682,48845608.01987145,0.04639011819947289
2025-10-08 22:55:43.809513,KRW-BTC,50346233.316603705,565.2755877530886,50295887.083287105,50396579.549920306,51353157.98293578,49339308.65027163,-0.02873049047284725
2025-10-08 22:55:43.809513,KRW-ETH,49457428.27824834,101.43831163599404,49407970.849970095,49506885.706526585,50446576.84381331,48468279.71268337,-0.02393195549100744
2025-10-08 22:55:43.809513,KRW-XRP,49879650.94828771,443.2207757259421,49829771.297339424,49929530.59923599,50877243.96725347,48882057.92932195,0.029046604118860397
2025-10-08 22:55:44.829503,KRW-BTC,50398259.50289689,885.9428185527379,50347861.243393995,50448657.76239978,51406224.69295483,49390294.31283895,0.044934107979344745
2025-10-08 22:55:44.829503,KRW-ETH,49523019.66635524,379.27265842198045,49473496.64668888,49572542.68602159,50513480.05968234,48532559.273028135,-0.03177195537106922
2025-10-08 22:55:44.829503,KRW-XRP,49813274.35957483,802.6276851816784,49763461.085215256,49863087.6339344,50809539.84676633,48817008.872383334,-0.001539640761431385
2025-10-08 22:55:45.912421,KRW-BTC,50408464.90865514,702.8004748996965,50358056.443746485,50458873.37356379,51416634.206828244,49400295.61048203,0.0016081956749536483
2025-10-08 22:55:45.912421,KRW-ETH,49484620.36905601,851.0011655122865,49435135.748686954,49534104.989425056,50474312.776437126,48494927.96167489,-0.03405052503761355
2025-10-08 22:55:45.912421,KRW-XRP,49824205.497878,421.343048691126,49774381.292380124,49874029.703375876,50820689.60783556,48827721.38792044,-0.04295785621218745
2025-10-08 22:55:46.993887,KRW-BTC,50364186.44834277,981.8910693165559,50313822.26189443,50414550.634791106,51371470.177309625,49356902.719375916,-0.028470133779503748
2025-10-08 22:55:46.993887,KRW-ETH,49582086.05004797,790.1932005049619,49532503.96399792,49631668.13609801,50573727.77104893,48590444.32904701,0.03328211025412156
2025-10-08 22:55:46.993887,KRW-XRP,49763272.04058704,607.6425879781129,49713508.76854645,49813035.31262762,50758537.481398776,48768006.5997753,0.03052685342459957
2025-10-08 22:55:47.995037,KRW-BTC,50414970.484282054,912.9451954103477,50364555.513797775,50465385.45476633,51423269.893967696,49406671.07459641,-0.02427181953909461
2025-10-08 22:55:47.995037,KRW-ETH,49659493.80136942,271.01397179735704,49609834.30756805,49709153.295170784,50652683.67739681,48666303.92534203,-0.022840247775801226
2025-10-08 22:55:47.995037,KRW-XRP,49770848.70428065,806.9175265647643,49721077.85557637,49820619.55298493,50766265.678366266,48775431.73019504,-0.039341301491936945
2025-10-08 22:55:48.996944,KRW-BTC,50423210.61611959,767.5415066684031,50372787.405503474,50473633.826735705,51431674.828441985,49414746.4037972,-0.01825896531481941
2025-10-08 22:55:48.996944,KRW-ETH,49749404.790984534,749.7408056211708,49699655.38619355,49799154.19577552,50744392.88680422,48754416.695164844,0.048686114520929955
2025-10-08 22:55:48.996944,KRW-XRP,49783540.230881244,951.1794799432913,49733756.690650366,49833323.77111212,50779211.03549887,48787869.426263615,0.04667850739051582
2025-10-08 22:55:49.998049,KRW-BTC,50500203.175439954,506.2766914162565,50449702.97226451,50550703.37861539,51510207.238948755,49490199.11193115,0.0035062324388102223
2025-10-08 22:55:49.998049,KRW-ETH,49659038.944494456,871.0373217047046,49609379.90554996,49708697.98343895,50652219.72338434,48665858.16560457,-0.03027415148506679
2025-10-08 22:55:49.998049,KRW-XRP,49807269.286877856,256.7651372484866,49757462.01759098,49857076.55616473,50803414.67261542,48811123.901140295,-0.005320358936342563
2025-10-08 22:55:50.998928,KRW-BTC,50448990.447700836,234.46755528034714,50398541.457253136,50499439.43814853,51457970.25665485,49440010.63874682,-0.005713826533455438
2025-10-08 22:55:50.998928,KRW-ETH,49610584.91678902,121.15617080173917,49560974.33187223,49660195.5017058,50602796.6151248,48618373.218453236,-0.008047500593970122
2025-10-08 22:55:50.998928,KRW-XRP,49770632.828129664,780.9005213447716,49720862.19530153,49820403.46095779,50766045.48469226,48775220.17156707,0.047397856522788134
2025-10-08 22:55:52.000139,KRW-BTC,50406520.897492364,881.7138104810462,50356114.37659487,50456927.41838985,51414651.31544221,49398390.479542516,-0.03606375258858492
2025-10-08 22:55:52.000139,KRW-ETH,49671316.69539872,666.3414802104039,49621645.37870332,49720988.01209411,50664743.029306695,48677890.36149074,-0.02523154977660025
2025-10-08 22:55:52.000139,KRW-XRP,49771907.73727026,617.3792427554521,49722135.82953299,49821679.64500752,50767345.892015666,48776469.58252485,-0.04167642861202473
2025-10-08 22:55:53.001345,KRW-BTC,50388852.123356014,738.4933151373405,50338463.27123266,50439240.975479364,51396629.16582314,49381075.08088889,-0.0487218289047648
2025-10-08 22:55:53.001345,KRW-ETH,49592214.868200496,328.611284971228,49542622.65333229,49641807.08306869,50584059.16556451,48600370.570836484,-0.02582165320735934
2025-10-08 22:55:53.001345,KRW-XRP,49796060.39248145,441.7397007122434,49746264.33208897,49845856.45287393,50791981.60033108,48800139.184631824,-0.025829053371908398
2025-10-08 22:55:54.003800,KRW-BTC,50412704.4696369,127.10050727208562,50362291.765167266,50463117.17410653,51420958.55902964,49404450.380244166,0.015195627200442124
2025-10-08 22:55:54.003800,KRW-ETH,49609276.63514586,634.9447316111606,49559667.35851071,49658885.911781,50601462.16784877,48617091.10244294,-0.00684554993808216
2025-10-08 22:55:54.003800,KRW-XRP,49873649.956011355,700.0670528898403,49823776.306055345,49923523.60596736,50871122.95513158,48876176.95689113,0.0016265826887890897
2025-10-08 22:55:55.004620,KRW-BTC,50386480.236915685,144.1376039629911,50336093.75667877,50436866.717152596,51394209.841654,49378750.63217737,-0.04552294451305368
2025-10-08 22:55:55.004620,KRW-ETH,49593015.09469764,505.5977767727051,49543422.07960294,49642608.10979233,50584875.3965916,48601154.79280368,-0.0036670626046266946
2025-10-08 22:55:55.004620,KRW-XRP,50004435.88419532,904.0857080996531,49954431.44831113,50054440.32007951,51004524.601879224,49004347.16651142,0.04878554912535635
2025-10-08 22:55:56.065657,KRW-BTC,50456848.94305295,267.22868712449304,50406392.09410989,50507305.791995995,51465985.921914004,49447711.96419189,0.020031823308629612
2025-10-08 22:55:56.065657,KRW-ETH,49650793.057858445,642.2747328228692,49601142.264800586,49700443.850916296,50643808.919015616,48657777.19670127,0.009868766931886888
2025-10-08 22:55:56.065657,KRW-XRP,49985870.358103,561.9509406862344,49935884.4877449,50035856.228461094,50985587.76526506,48986152.95094094,-0.010631049210868784
2025-10-08 22:55:57.099340,KRW-BTC,50435304.18251237,140.78475966755246,50384868.87832986,50485739.48669488,51444010.26616262,49426598.09886213,-0.04922443410178754
2025-10-08 22:55:57.099340,KRW-ETH,49641686.48950602,724.5091158234409,49592044.80301651,49691328.17599552,50634520.21929614,48648852.7597159,0.010204905766944758
2025-10-08 22:55:57.099340,KRW-XRP,49954004.07711153,518.9711996266435,49904050.07303441,50003958.081188634,50953084.15865376,48954923.995569296,0.04235308177551847
2025-10-08 22:55:58.220461,KRW-BTC,50431956.45974964,203.14730346397005,50381524.503289886,50482388.416209385,51440595.58894464,49423317.33055464,0.008211926862654137
2025-10-08 22:55:58.220461,KRW-ETH,49656963.90184288,176.89851519839374,49607306.93794104,49706620.86574472,50650103.17987973,48663824.62380602,-0.03928514690598289
2025-10-08 22:55:58.220461,KRW-XRP,49959162.165936,362.3308022966075,49909203.00377007,50009121.32810193,50958345.40925472,48959978.92261728,0.03022956221909885
2025-10-08 22:55:59.224770,KRW-BTC,50475698.598748714,163.11372299418053,50425222.900149964,50526174.297347456,51485212.57072369,49466184.62677374,-0.02510410384711144
2025-10-08 22:55:59.224770,KRW-ETH,49666508.115814716,646.781579622962,49616841.6076989,49716174.62393052,50659838.27813101,48673177.95349842,-0.04903202221315707
2025-10-08 22:55:59.224770,KRW-XRP,50042925.84808602,662.3491001315026,49992882.92223793,50092968.7739341,51043784.365047745,49042067.3311243,-0.045884416514003705
2025-10-08 22:56:00.309886,KRW-BTC,50394273.80906158,823.7486394674056,50343879.53525252,50444668.08287063,51402159.28524281,49386388.33288035,0.033445992863107094
2025-10-08 22:56:00.309886,KRW-ETH,49808563.97435151,305.0471083539292,49758755.41037716,49858372.53832585,50804735.25383854,48812392.69486448,-0.01055613606959438
2025-10-08 22:56:00.309886,KRW-XRP,50202945.79520558,468.6589780243598,50152742.84941037,50253148.74100078,51207004.71110969,49198886.879301466,0.011970514004746871
